,dp_opt,wopt,evecs,evals,evec_sim,dU,dp_diag,tdr_overall,pca,active,pairsnr1,snr2,cat_cat,tar_tar,cat_tar,f1,f2,DI,pair,snr1,site,area
0,5.011371,"[[-2.30356788]
 [-0.17093315]]","[[ 0.28229935 -0.95932637]
 [-0.95932637 -0.28229935]]",[1.43712257 0.91613243],0.2628127318566518,[[-2.1818981   0.08646265]],4.9370427,True,False,True,,0.0,False,True,False,406,406,0.27142859,TAR_406+-5dB+Noise_TAR_406+0dB+Noise,-5.0,CRD009b,A1
0,4.9913306,"[[ 2.46285621]
 [-0.29607961]]","[[-0.19060031 -0.98166772]
 [-0.98166772  0.19060031]]",[1.9365854  0.80528444],0.431761006590131,[[ 2.02184716 -0.0398939 ]],4.8520255,False,False,True,,0.0,False,True,False,406,406,0.27142859,TAR_406+-5dB+Noise_TAR_406+0dB+Noise,-5.0,CRD009b,A1
0,3.6505086,"[[ 0.9190133 ]
 [-2.09222308]]","[[ 0.86191484 -0.50705307]
 [ 0.50705307  0.86191484]]",[2.55135299 0.67308547],0.8739151180927733,[[ 0.18348211 -1.66420402]],2.6417286,False,True,True,,0.0,False,True,False,406,406,0.27142859,TAR_406+-5dB+Noise_TAR_406+0dB+Noise,-5.0,CRD009b,A1
0,0.7596086,"[[-0.55061621]
 [-0.00531317]]","[[-0.21269092 -0.97711953]
 [-0.97711953  0.21269092]]",[4.31838789 2.41116404],0.6701369257216978,[[-1.37723799 -0.24073245]],0.7490924,True,False,False,,0.0,False,True,False,406,406,0.27142859,TAR_406+-5dB+Noise_TAR_406+0dB+Noise,-5.0,CRD009b,A1
0,0.9562143,"[[ 0.62160318]
 [-0.01197366]]","[[ 0.12878292 -0.99167281]
 [-0.99167281 -0.12878292]]",[4.46681727 2.42927302],0.5689991322736713,[[ 1.53416527 -0.21483053]],0.95053583,False,False,False,,0.0,False,True,False,406,406,0.27142859,TAR_406+-5dB+Noise_TAR_406+0dB+Noise,-5.0,CRD009b,A1
0,0.23103946,"[[ 0.05355822]
 [-0.31148785]]","[[ 0.99287243 -0.11918192]
 [ 0.11918192  0.99287243]]",[3.70444694 2.30926653],0.9908931347458707,[[ 0.14591707 -0.71663921]],0.2303785,False,True,False,,0.0,False,True,False,406,406,0.27142859,TAR_406+-5dB+Noise_TAR_406+0dB+Noise,-5.0,CRD009b,A1
0,12.114982,"[[-4.08496984]
 [ 0.84728963]]","[[-0.09574512 -0.99540588]
 [-0.99540588  0.09574512]]",[1.47394425 0.68681711],0.5968483127389824,[[-2.77154167  0.93630026]],12.060971,True,False,True,,inf,False,True,False,406,406,0.2857143,TAR_406+-5dB+Noise_TAR_406+InfdB+Noise,-5.0,CRD009b,A1
0,18.736448,"[[ 6.24762345]
 [-0.41761369]]","[[-0.08248783 -0.99659207]
 [-0.99659207  0.08248783]]",[1.67853321 0.47758165],0.7799838727111987,[[ 2.99357372 -0.08076124]],18.511562,False,False,True,,inf,False,True,False,406,406,0.2857143,TAR_406+-5dB+Noise_TAR_406+InfdB+Noise,-5.0,CRD009b,A1
0,3.8269582,"[[ 0.36298731]
 [-2.26304445]]","[[ 0.94274915 -0.33350269]
 [ 0.33350269  0.94274915]]",[2.19095349 0.67954749],0.7173028871223268,[[-0.34113078 -1.7457829 ]],3.3503191,False,True,True,,inf,False,True,False,406,406,0.2857143,TAR_406+-5dB+Noise_TAR_406+InfdB+Noise,-5.0,CRD009b,A1
0,3.2986166,"[[-1.01515558]
 [ 0.27822267]]","[[-0.22284167 -0.97485465]
 [-0.97485465  0.22284167]]",[3.66745539 2.97596441],0.4356481094206691,[[-3.0141315   0.85832059]],3.2934144,True,False,False,,inf,False,True,False,406,406,0.2857143,TAR_406+-5dB+Noise_TAR_406+InfdB+Noise,-5.0,CRD009b,A1
0,4.692941,"[[ 1.36916828]
 [-0.20553523]]","[[-0.27089546 -0.96260877]
 [-0.96260877  0.27089546]]",[3.69122615 2.42850858],0.41200943184037325,[[ 3.38423169 -0.2887995 ]],4.637978,False,False,False,,inf,False,True,False,406,406,0.2857143,TAR_406+-5dB+Noise_TAR_406+InfdB+Noise,-5.0,CRD009b,A1
0,0.88279104,"[[-0.18890464]
 [-0.494495  ]]","[[-0.25719604 -0.96635925]
 [-0.96635925  0.25719604]]",[3.15481237 2.75690986],0.1159780095083722,[[-0.57466893 -1.5657052 ]],0.88225216,False,True,False,,inf,False,True,False,406,406,0.2857143,TAR_406+-5dB+Noise_TAR_406+InfdB+Noise,-5.0,CRD009b,A1
0,16.713045,"[[5.21404645]
 [1.02952601]]","[[ 0.21157723 -0.97736128]
 [-0.97736128 -0.21157723]]",[1.54350911 0.59137486],0.8403971326038859,[[3.10298748 0.51861185]],16.062344,True,False,True,,-inf,False,False,True,406,406,0.2857143,TAR_406+-5dB+Noise_CAT_406+-InfdB+Noise,-5.0,CRD009b,A1
0,13.8297615,"[[4.45208399]
 [0.51150216]]","[[ 0.13565555 -0.99075606]
 [-0.99075606 -0.13565555]]",[1.70404124 0.68816332],0.806251700229613,[[3.07715266 0.2541906 ]],13.615772,False,False,True,,-inf,False,False,True,406,406,0.2857143,TAR_406+-5dB+Noise_CAT_406+-InfdB+Noise,-5.0,CRD009b,A1
0,7.0609283,"[[-0.92880221]
 [ 2.6954414 ]]","[[ 0.89801628 -0.43996223]
 [ 0.43996223  0.89801628]]",[2.2830226  0.84683842],0.5547949383013295,[[-0.3328064   2.50490223]],6.0866504,False,True,True,,-inf,False,False,True,406,406,0.2857143,TAR_406+-5dB+Noise_CAT_406+-InfdB+Noise,-5.0,CRD009b,A1
0,2.2277124,"[[ 1.02330856]
 [-0.27767575]]","[[-0.52111736 -0.85348503]
 [-0.85348503  0.52111736]]",[4.13098941 1.79944961],0.9106584472028264,[[2.20136413 0.08989782]],1.9473137,True,False,False,,-inf,False,False,True,406,406,0.2857143,TAR_406+-5dB+Noise_CAT_406+-InfdB+Noise,-5.0,CRD009b,A1
0,2.6605866,"[[ 1.05801097]
 [-0.49785894]]","[[-0.61172717 -0.79106881]
 [-0.79106881  0.61172717]]",[4.21195569 1.83429824],0.9862921595536969,[[ 2.30923357 -0.43665416]],2.3087637,False,False,False,,-inf,False,False,True,406,406,0.2857143,TAR_406+-5dB+Noise_CAT_406+-InfdB+Noise,-5.0,CRD009b,A1
0,2.1559284,"[[0.14200412]
 [1.01147743]]","[[ 0.88979811  0.45635438]
 [-0.45635438  0.88979811]]",[3.90816456 1.84420741],0.7819998518151625,[[-0.35377971  2.18113266]],1.9761477,False,True,False,,-inf,False,False,True,406,406,0.2857143,TAR_406+-5dB+Noise_CAT_406+-InfdB+Noise,-5.0,CRD009b,A1
0,1.3708657,"[[-0.59757725]
 [ 1.19847381]]","[[ 0.98132936 -0.19233483]
 [ 0.19233483  0.98132936]]",[1.16652812 0.73381548],0.617289494245046,[[-0.58964357  0.84983762]],1.367957,True,False,True,,inf,False,True,False,406,406,0.44,TAR_406+0dB+Noise_TAR_406+InfdB+Noise,0.0,CRD009b,A1
0,2.181115,"[[1.78454741]
 [0.33641901]]","[[ 0.31206361 -0.95006121]
 [-0.95006121 -0.31206361]]",[0.87921641 0.65760411],0.7555703495195629,[[1.18993488 0.17127368]],2.16597,False,False,True,,inf,False,True,False,406,406,0.44,TAR_406+0dB+Noise_TAR_406+InfdB+Noise,0.0,CRD009b,A1
0,0.31837904,"[[-0.61748498]
 [ 0.06817386]]","[[-0.69549346 -0.71853242]
 [-0.71853242  0.69549346]]",[1.11304459 0.65203717],0.28818101770359367,[[-0.52461289 -0.08157888]],0.29852775,False,True,True,,inf,False,True,False,406,406,0.44,TAR_406+0dB+Noise_TAR_406+InfdB+Noise,0.0,CRD009b,A1
0,1.1963333,"[[-0.60327875]
 [ 0.19000925]]","[[ 0.06926084 -0.99759858]
 [-0.99759858 -0.06926084]]",[5.22955137 2.64467659],0.9600445189161205,[[-1.63689351  1.09905303]],1.1952511,True,False,False,,inf,False,True,False,406,406,0.44,TAR_406+0dB+Noise_TAR_406+InfdB+Noise,0.0,CRD009b,A1
0,3.0598109,"[[ 1.36566053]
 [-0.79930968]]","[[-0.62160177 -0.78333342]
 [-0.78333342  0.62160177]]",[5.32002031 1.13914241],0.979409151115776,[[ 2.1346283  -0.18094773]],1.8328907,False,False,False,,inf,False,True,False,406,406,0.44,TAR_406+0dB+Noise_TAR_406+InfdB+Noise,0.0,CRD009b,A1
0,0.2906829,"[[-0.17391232]
 [-0.19476004]]","[[-0.48039102 -0.87705443]
 [-0.87705443  0.48039102]]",[4.28854985 3.80042406],0.24866380389207215,[[-0.720586   -0.84906599]],0.29067,False,True,False,,inf,False,True,False,406,406,0.44,TAR_406+0dB+Noise_TAR_406+InfdB+Noise,0.0,CRD009b,A1
0,28.054647,"[[5.16099066]
 [1.80355083]]","[[ 0.90203872  0.43165512]
 [-0.43165512  0.90203872]]",[1.18151881 0.69294739],0.7437861694199862,[[5.28488558 0.4321492 ]],26.908674,True,False,True,,-inf,False,False,True,406,406,0.45,TAR_406+0dB+Noise_CAT_406+-InfdB+Noise,0.0,CRD009b,A1
0,27.240557,"[[5.16212508]
 [1.27140584]]","[[ 0.86905069  0.49472305]
 [-0.49472305  0.86905069]]",[1.21565678 0.68386371],0.77163648114889,[[ 5.31279379 -0.14531159]],25.635021,False,False,True,,-inf,False,False,True,406,406,0.45,TAR_406+0dB+Noise_CAT_406+-InfdB+Noise,0.0,CRD009b,A1
0,18.516117,"[[-2.17249904]
 [ 4.17223256]]","[[-0.53240152 -0.84649195]
 [-0.84649195  0.53240152]]",[1.37013826 0.65430355],0.8892547876550567,[[-0.51628851  4.16910625]],16.729588,False,True,True,,-inf,False,False,True,406,406,0.45,TAR_406+0dB+Noise_CAT_406+-InfdB+Noise,0.0,CRD009b,A1
0,6.321689,"[[ 1.78347577]
 [-0.18347097]]","[[-0.2186062  -0.97581316]
 [-0.97581316  0.2186062 ]]",[5.24051088 1.9207363 ],0.916928702358429,[[3.57860212 0.33063027]],6.025636,True,False,False,,-inf,False,False,True,406,406,0.45,TAR_406+0dB+Noise_CAT_406+-InfdB+Noise,0.0,CRD009b,A1
0,6.211344,"[[ 1.72316012]
 [-0.35787228]]","[[-0.32068313 -0.94718653]
 [-0.94718653  0.32068313]]",[5.25454897 1.95678681],0.9153366316229312,[[ 3.59776436 -0.03302786]],5.6591797,False,False,False,,-inf,False,False,True,406,406,0.45,TAR_406+0dB+Noise_CAT_406+-InfdB+Noise,0.0,CRD009b,A1
0,2.532436,"[[0.03110906]
 [0.87928973]]","[[ 0.91118119  0.41200588]
 [-0.41200588  0.91118119]]",[4.93885071 2.99077293],0.6909534186145898,[[-0.49969678  2.89777187]],2.4509804,False,True,False,,-inf,False,False,True,406,406,0.45,TAR_406+0dB+Noise_CAT_406+-InfdB+Noise,0.0,CRD009b,A1
0,42.159542,"[[ 7.12660351]
 [-0.70411529]]","[[-0.51038761 -0.85994447]
 [-0.85994447  0.51038761]]",[0.87046371 0.81150887],0.06673689006460565,[[ 5.87452914 -0.41768842]],42.12039,True,False,True,,-inf,False,False,True,406,406,0.43333334,TAR_406+InfdB+Noise_CAT_406+-InfdB+Noise,inf,CRD009b,A1
0,43.14174,"[[7.2902493 ]
 [0.34744247]]","[[-0.1366932  -0.99061343]
 [-0.99061343  0.1366932 ]]",[0.88368809 0.80731576],0.1489078559089037,[[5.89952958 0.38192771]],43.135372,False,False,True,,-inf,False,False,True,406,406,0.43333334,TAR_406+InfdB+Noise_CAT_406+-InfdB+Noise,inf,CRD009b,A1
0,21.055258,"[[0.15100834]
 [4.95308385]]","[[ 0.37696899 -0.92622588]
 [-0.92622588 -0.37696899]]",[0.86827952 0.80222481],0.18174057450886133,[[0.00832438 4.25068513]],21.03919,False,True,True,,-inf,False,False,True,406,406,0.43333334,TAR_406+InfdB+Noise_CAT_406+-InfdB+Noise,inf,CRD009b,A1
0,11.148563,"[[ 2.08073391]
 [-0.3858611 ]]","[[-0.22535098 -0.97427765]
 [-0.97427765  0.22535098]]",[4.58973603 2.48537903],0.7686190036204106,[[ 5.21549563 -0.76842277]],10.953627,True,False,False,,-inf,False,False,True,406,406,0.43333334,TAR_406+InfdB+Noise_CAT_406+-InfdB+Noise,inf,CRD009b,A1
0,12.495871,"[[ 2.34878323]
 [-0.20129635]]","[[-0.13660368 -0.99062578]
 [-0.99062578  0.13660368]]",[4.56760432 2.24237856],0.8511186907676751,[[ 5.30543565 -0.17164717]],12.376484,False,False,False,,-inf,False,False,True,406,406,0.43333334,TAR_406+InfdB+Noise_CAT_406+-InfdB+Noise,inf,CRD009b,A1
0,3.6586947,"[[0.2663067 ]
 [0.96077562]]","[[ 0.61184918 -0.79097445]
 [-0.79097445 -0.61184918]]",[4.73778464 3.08984777],0.528377808301838,[[0.22088922 3.74683786]],3.5085871,False,True,False,,-inf,False,False,True,406,406,0.43333334,TAR_406+InfdB+Noise_CAT_406+-InfdB+Noise,inf,CRD009b,A1
0,4.4572673,"[[-1.98102202]
 [ 0.33263686]]","[[-0.32260965 -0.9465321 ]
 [-0.9465321   0.32260965]]",[4.44485473 1.01526649],0.9621501729035129,[[-2.37001626 -0.71485519]],3.6682854,True,False,True,,0.0,False,True,False,1072,1072,0.17460318,TAR_1072+-5dB+Noise_TAR_1072+0dB+Noise,-5.0,CRD016c,A1
0,5.404691,"[[2.30065734]
 [0.33691832]]","[[ 0.31281597 -0.94981375]
 [-0.94981375 -0.31281597]]",[4.23301876 0.90121911],0.9900788697850514,[[ 2.48995131 -0.96116267]],4.455672,False,False,True,,0.0,False,True,False,1072,1072,0.17460318,TAR_1072+-5dB+Noise_TAR_1072+0dB+Noise,-5.0,CRD016c,A1
0,0.6145682,"[[0.03714505]
 [0.55608486]]","[[ 0.97597146 -0.21789838]
 [ 0.21789838  0.97597146]]",[3.30052229 1.86396926],0.6624906545203152,[[0.28994905 1.08580188]],0.6068064,False,True,True,,0.0,False,True,False,1072,1072,0.17460318,TAR_1072+-5dB+Noise_TAR_1072+0dB+Noise,-5.0,CRD016c,A1
0,1.7756785,"[[-0.81151026]
 [-0.05921795]]","[[ 0.14343388 -0.9896599 ]
 [-0.9896599  -0.14343388]]",[10.13513001  2.6442782 ],0.9215147729633305,[[-2.20795349  0.27184939]],1.7049602,True,False,False,,0.0,False,True,False,1072,1072,0.17460318,TAR_1072+-5dB+Noise_TAR_1072+0dB+Noise,-5.0,CRD016c,A1
0,2.1695461,"[[ 0.89905449]
 [-0.16226529]]","[[-0.25692266 -0.96643197]
 [-0.96643197  0.25692266]]",[9.57014239 2.55316474],0.913322291428223,[[2.42914782 0.08868271]],1.9301709,False,False,False,,0.0,False,True,False,1072,1072,0.17460318,TAR_1072+-5dB+Noise_TAR_1072+0dB+Noise,-5.0,CRD016c,A1
0,0.23872638,"[[-0.04623321]
 [ 0.40569663]]","[[ 0.99961714 -0.02766896]
 [ 0.02766896  0.99961714]]",[9.15450476 1.37470859],0.8999504879907247,[[-0.33567043  0.55018267]],0.23802705,False,True,False,,0.0,False,True,False,1072,1072,0.17460318,TAR_1072+-5dB+Noise_TAR_1072+0dB+Noise,-5.0,CRD016c,A1
0,5.5948534,"[[-1.12967415]
 [-0.78737136]]","[[-0.07056071 -0.99750749]
 [-0.99750749  0.07056071]]",[5.00303239 1.61231051],0.8875773594129319,[[-2.02836682 -4.19555502]],5.5937657,True,False,True,,inf,False,True,False,1072,1072,0.3,TAR_1072+-5dB+Noise_TAR_1072+InfdB+Noise,-5.0,CRD016c,A1
0,12.443634,"[[2.28146924]
 [1.05514226]]","[[ 0.72543544  0.68829021]
 [-0.68829021  0.72543544]]",[4.70028203 1.53759734],0.8908295579574541,[[ 5.63898215 -0.3995013 ]],9.301403,False,False,True,,inf,False,True,False,1072,1072,0.3,TAR_1072+-5dB+Noise_TAR_1072+InfdB+Noise,-5.0,CRD016c,A1
0,4.078266,"[[0.94125799]
 [0.56233344]]","[[ 0.99789738 -0.06481371]
 [ 0.06481371  0.99789738]]",[3.87116787 1.57011635],0.9961321287626835,[[3.71835909 1.02844835]],4.071306,False,True,True,,inf,False,True,False,1072,1072,0.3,TAR_1072+-5dB+Noise_TAR_1072+InfdB+Noise,-5.0,CRD016c,A1
0,1.6255167,"[[-0.39961969]
 [-0.42358681]]","[[ 0.32318387 -0.94633619]
 [-0.94633619 -0.32318387]]",[11.25270733  2.99588216],0.9484852494584608,[[-0.4721764  -3.39204547]],1.409206,True,False,False,,inf,False,True,False,1072,1072,0.3,TAR_1072+-5dB+Noise_TAR_1072+InfdB+Noise,-5.0,CRD016c,A1
0,2.2177067,"[[0.5950506 ]
 [0.06737628]]","[[ 0.55009144 -0.83510443]
 [-0.83510443 -0.55009144]]",[11.71290248  4.75921387],0.6559013323154476,[[ 3.86884513 -1.25343737]],1.9529842,False,False,False,,inf,False,True,False,1072,1072,0.3,TAR_1072+-5dB+Noise_TAR_1072+InfdB+Noise,-5.0,CRD016c,A1
0,1.5166899,"[[ 0.34554459]
 [-0.39252647]]","[[ 0.99915501 -0.04110079]
 [ 0.04110079  0.99915501]]",[10.55956566  2.25772076],0.9095665321904853,[[ 3.51013314 -0.77391553]],1.5137442,False,True,False,,inf,False,True,False,1072,1072,0.3,TAR_1072+-5dB+Noise_TAR_1072+InfdB+Noise,-5.0,CRD016c,A1
0,25.282528,"[[ 3.70496009]
 [-1.12403575]]","[[-0.18264408 -0.9831791 ]
 [-0.9831791   0.18264408]]",[5.1399047  1.64379425],0.9843607784303569,[[ 5.81661474 -3.32035951]],24.558437,True,False,True,,-inf,False,False,True,1072,1072,0.5222222,TAR_1072+-5dB+Noise_CAT_1072+-InfdB+Noise,-5.0,CRD016c,A1
0,25.638632,"[[ 3.9106405 ]
 [-0.15542259]]","[[ 0.08429847 -0.99644055]
 [-0.99644055 -0.08429847]]",[4.97463401 1.62245957],0.9909213044993074,[[ 6.48177625 -1.87061587]],25.415157,False,False,True,,-inf,False,False,True,1072,1072,0.5222222,TAR_1072+-5dB+Noise_CAT_1072+-InfdB+Noise,-5.0,CRD016c,A1
0,3.8746693,"[[ 0.80119462]
 [-0.92981687]]","[[ 0.98100674 -0.19397367]
 [ 0.19397367  0.98100674]]",[4.13984402 2.06746452],0.9057660108614652,[[ 2.88767252 -1.67891306]],3.8712797,False,True,True,,-inf,False,False,True,1072,1072,0.5222222,TAR_1072+-5dB+Noise_CAT_1072+-InfdB+Noise,-5.0,CRD016c,A1
0,8.173132,"[[1.81018361]
 [0.15839352]]","[[ 0.13134784 -0.99133634]
 [-0.99133634 -0.13134784]]",[10.8050682   2.45883727],0.9431934755369137,[[ 4.5394616  -0.27859285]],7.82649,True,False,False,,-inf,False,False,True,1072,1072,0.5222222,TAR_1072+-5dB+Noise_CAT_1072+-InfdB+Noise,-5.0,CRD016c,A1
0,8.8974285,"[[1.81676209]
 [0.5432357 ]]","[[ 0.32116178 -0.94702435]
 [-0.94702435 -0.32116178]]",[12.09101092  2.46168703],0.9354789307955228,[[4.68573998 0.70789513]],6.950539,False,False,False,,-inf,False,False,True,1072,1072,0.5222222,TAR_1072+-5dB+Noise_CAT_1072+-InfdB+Noise,-5.0,CRD016c,A1
0,5.001116,"[[-0.07098063]
 [-1.94125595]]","[[ 0.99695269  0.07800849]
 [-0.07800849  0.99695269]]",[11.10110588  1.30843286],0.9986293147498176,[[ 0.69469544 -2.60162792]],4.815501,False,True,False,,-inf,False,False,True,1072,1072,0.5222222,TAR_1072+-5dB+Noise_CAT_1072+-InfdB+Noise,-5.0,CRD016c,A1
0,3.4452164,"[[ 0.27551735]
 [-0.96276214]]","[[-0.09504918 -0.99547258]
 [-0.99547258  0.09504918]]",[3.68205349 1.83427422],0.7284440921869307,[[ 0.34164944 -3.48069983]],3.43083,True,False,True,,inf,False,True,False,1072,1072,0.79285717,TAR_1072+0dB+Noise_TAR_1072+InfdB+Noise,0.0,CRD016c,A1
0,11.371737,"[[2.33706944]
 [1.23318758]]","[[ 0.784578    0.62003014]
 [-0.62003014  0.784578  ]]",[3.2164161 1.3178587],0.6896905803028799,[[4.67227343 0.36678018]],9.5137005,False,False,True,,inf,False,True,False,1072,1072,0.79285717,TAR_1072+0dB+Noise_TAR_1072+InfdB+Noise,0.0,CRD016c,A1
0,4.7776117,"[[ 1.3881399 ]
 [-0.32254419]]","[[ 0.92970089 -0.36831542]
 [ 0.36831542  0.92970089]]",[2.70215747 1.62247346],0.725747510042426,[[ 3.42841004 -0.05735353]],4.633391,False,True,True,,inf,False,True,False,1072,1072,0.79285717,TAR_1072+0dB+Noise_TAR_1072+InfdB+Noise,0.0,CRD016c,A1
0,2.275869,"[[ 0.31294034]
 [-0.47290502]]","[[ 0.26088112 -0.96537093]
 [-0.96537093 -0.26088112]]",[7.41374764 4.02742482],0.7510077411065276,[[ 1.73577709 -3.66389487]],2.264663,True,False,False,,inf,False,True,False,1072,1072,0.79285717,TAR_1072+0dB+Noise_TAR_1072+InfdB+Noise,0.0,CRD016c,A1
0,4.1745877,"[[1.03674807]
 [0.26118324]]","[[ 0.66925451 -0.74303324]
 [-0.74303324 -0.66925451]]",[7.44434611 2.59171562],0.9944002719059736,[[ 4.3100657  -1.12512871]],3.3779917,False,False,False,,inf,False,True,False,1072,1072,0.79285717,TAR_1072+0dB+Noise_TAR_1072+InfdB+Noise,0.0,CRD016c,A1
0,5.4965115,"[[ 0.95997777]
 [-1.36290902]]","[[ 0.94264953 -0.33378417]
 [ 0.33378417  0.94264953]]",[7.07387889 1.57729551],0.9997449961316148,[[ 3.84580357 -1.3240982 ]],5.1746387,False,True,False,,inf,False,True,False,1072,1072,0.79285717,TAR_1072+0dB+Noise_TAR_1072+InfdB+Noise,0.0,CRD016c,A1
0,40.686687,"[[ 4.52648477]
 [-1.39321506]]","[[-0.28612438 -0.95819248]
 [-0.95819248  0.28612438]]",[3.87089774 1.81378603],0.8990946343609022,[[ 8.186631   -2.60550432]],39.25537,True,False,True,,-inf,False,False,True,1072,1072,0.85714287,TAR_1072+0dB+Noise_CAT_1072+-InfdB+Noise,0.0,CRD016c,A1
0,40.516758,"[[ 4.6403125 ]
 [-0.67901058]]","[[-0.15053642 -0.98860446]
 [-0.98860446  0.15053642]]",[3.97116279 1.84213857],0.9387977416433883,[[ 8.55683637 -1.19344916]],39.988197,False,False,True,,-inf,False,False,True,1072,1072,0.85714287,TAR_1072+0dB+Noise_CAT_1072+-InfdB+Noise,0.0,CRD016c,A1
0,7.539549,"[[ 1.28234433]
 [-1.52217237]]","[[ 0.81364633 -0.58136018]
 [ 0.58136018  0.81364633]]",[3.19565181 1.89500343],0.9175011035658227,[[ 2.59772347 -2.76471494]],7.5297527,False,True,True,,-inf,False,False,True,1072,1072,0.85714287,TAR_1072+0dB+Noise_CAT_1072+-InfdB+Noise,0.0,CRD016c,A1
0,15.6382885,"[[ 2.29692425]
 [-0.2543171 ]]","[[-0.12829373 -0.99173621]
 [-0.99173621  0.12829373]]",[7.5298195  2.92666893],0.9981914502069174,[[ 6.74741509 -0.55044225]],15.401123,True,False,False,,-inf,False,False,True,1072,1072,0.85714287,TAR_1072+0dB+Noise_CAT_1072+-InfdB+Noise,0.0,CRD016c,A1
0,16.222105,"[[2.35761457]
 [0.13005501]]","[[ 0.02306972 -0.99973386]
 [-0.99973386 -0.02306972]]",[7.63657628 2.90480392],0.9811341730186912,[[6.84015212 0.73555726]],16.213552,False,False,False,,-inf,False,False,True,1072,1072,0.85714287,TAR_1072+0dB+Noise_CAT_1072+-InfdB+Noise,0.0,CRD016c,A1
0,8.715508,"[[ 0.3859056 ]
 [-2.63908131]]","[[ 0.99408788 -0.10857846]
 [ 0.10857846  0.99408788]]",[7.02594458 1.21748213],0.9215368332686089,[[ 1.03036587 -3.15181058]],8.360526,False,True,False,,-inf,False,False,True,1072,1072,0.85714287,TAR_1072+0dB+Noise_CAT_1072+-InfdB+Noise,0.0,CRD016c,A1
0,28.140955,"[[3.54487869]
 [0.37871274]]","[[ 0.10196343 -0.99478815]
 [-0.99478815 -0.10196343]]",[4.62579818 2.21410727],0.9548479530090089,[[7.84498156 0.87519551]],27.981384,True,False,True,,-inf,False,False,True,1072,1072,0.77,TAR_1072+InfdB+Noise_CAT_1072+-InfdB+Noise,inf,CRD016c,A1
0,31.81512,"[[ 3.82357722]
 [-0.60457988]]","[[-0.14572468 -0.98932518]
 [-0.98932518  0.14572468]]",[4.29411317 2.12285154],0.9573079830810038,[[ 8.10393421 -1.37136839]],31.4958,False,False,True,,-inf,False,False,True,1072,1072,0.77,TAR_1072+InfdB+Noise_CAT_1072+-InfdB+Noise,inf,CRD016c,A1
0,3.710546,"[[-0.06232372]
 [-1.35141713]]","[[ 0.9583943  -0.28544767]
 [ 0.28544767  0.9583943 ]]",[3.52182272 1.8456252 ],0.9394991562637514,[[-0.83068658 -2.70736141]],3.6167169,False,True,True,,-inf,False,False,True,1072,1072,0.77,TAR_1072+InfdB+Noise_CAT_1072+-InfdB+Noise,inf,CRD016c,A1
0,8.475325,"[[1.35158049]
 [0.54656132]]","[[ 0.214335   -0.97676021]
 [-0.97676021 -0.214335  ]]",[8.05561919 3.87005054],0.7893431290672713,[[5.011638   3.11345262]],8.383322,True,False,False,,-inf,False,False,True,1072,1072,0.77,TAR_1072+InfdB+Noise_CAT_1072+-InfdB+Noise,inf,CRD016c,A1
0,7.57788,"[[1.24972891]
 [0.26218557]]","[[ 0.12577696 -0.99205854]
 [-0.99205854 -0.12577696]]",[9.33554204 4.6167468 ],0.7076437302655372,[[5.70859951 1.69222881]],7.527214,False,False,False,,-inf,False,False,True,1072,1072,0.77,TAR_1072+InfdB+Noise_CAT_1072+-InfdB+Noise,inf,CRD016c,A1
0,2.1234713,"[[-0.269763  ]
 [-0.74627185]]","[[ 0.99286642 -0.119232  ]
 [ 0.119232    0.99286642]]",[8.44484966 2.08665013],0.9300701896220577,[[-2.8154377  -1.82771239]],2.119681,False,True,False,,-inf,False,False,True,1072,1072,0.77,TAR_1072+InfdB+Noise_CAT_1072+-InfdB+Noise,inf,CRD016c,A1
0,0.4743125,"[[-0.31467422]
 [-0.15913273]]","[[-0.31582556 -0.94881727]
 [-0.94881727  0.31582556]]",[5.55129005 2.04886844],0.82236645956314,[[-0.92167399 -1.15806128]],0.47317547,True,False,True,,-5.0,False,True,False,4925,5657,0.53333336,TAR_4925+-5dB+Noise_TAR_5657+-5dB+Noise,-5.0,CRD017c,A1
0,2.3904798,"[[1.29509374]
 [0.80882343]]","[[ 0.68304479 -0.73037648]
 [-0.73037648 -0.68304479]]",[5.0957896  0.86874873],0.991914269692577,[[ 1.97356485 -0.20458323]],1.2159046,False,False,True,,-5.0,False,True,False,4925,5657,0.53333336,TAR_4925+-5dB+Noise_TAR_5657+-5dB+Noise,-5.0,CRD017c,A1
0,0.7931899,"[[-0.61404961]
 [ 0.42361891]]","[[ 0.8646113  -0.50244135]
 [ 0.50244135  0.8646113 ]]",[4.53918726 0.73344004],0.971038390381423,[[-1.49697725 -0.29750426]],0.4996117,False,True,True,,-5.0,False,True,False,4925,5657,0.53333336,TAR_4925+-5dB+Noise_TAR_5657+-5dB+Noise,-5.0,CRD017c,A1
0,0.13224636,"[[-0.19010974]
 [-0.01986265]]","[[-0.61015656 -0.79228087]
 [-0.79228087  0.61015656]]",[6.07401909 1.39916741],0.940126944703662,[[-0.64175086 -0.51570512]],0.1225649,True,False,False,,-5.0,False,True,False,4925,5657,0.53333336,TAR_4925+-5dB+Noise_TAR_5657+-5dB+Noise,-5.0,CRD017c,A1
0,0.7072358,"[[0.53055178]
 [0.40408414]]","[[ 0.77336179  0.63396494]
 [-0.63396494  0.77336179]]",[6.03909592 1.33906974],0.9839874506610116,[[1.27069272 0.08183329]],0.43051308,False,False,False,,-5.0,False,True,False,4925,5657,0.53333336,TAR_4925+-5dB+Noise_TAR_5657+-5dB+Noise,-5.0,CRD017c,A1
0,0.31442493,"[[-0.38984597]
 [ 0.66944425]]","[[ 0.94824936 -0.3175266 ]
 [ 0.3175266   0.94824936]]",[5.57766613 0.30716182],0.9918670928198126,[[-0.90491685 -0.0572912 ]],0.1346755,False,True,False,,-5.0,False,True,False,4925,5657,0.53333336,TAR_4925+-5dB+Noise_TAR_5657+-5dB+Noise,-5.0,CRD017c,A1
0,0.06487192,"[[-0.11427362]
 [ 0.130944  ]]","[[-0.58557855 -0.81061567]
 [-0.81061567  0.58557855]]",[4.76583196 2.0071842 ],0.9810787415330465,[[-0.16599736  0.35055292]],0.06153137,True,False,True,,0.0,False,True,False,4925,5657,0.25,TAR_4925+-5dB+Noise_TAR_5657+0dB+Noise,-5.0,CRD017c,A1
0,0.49043024,"[[0.65406723]
 [0.60487781]]","[[ 0.67011253 -0.74225952]
 [-0.74225952 -0.67011253]]",[4.5374412  0.61735536],0.9883433364513989,[[0.37574275 0.4044936 ]],0.49042,False,False,True,,0.0,False,True,False,4925,5657,0.25,TAR_4925+-5dB+Noise_TAR_5657+0dB+Noise,-5.0,CRD017c,A1
0,0.099650696,"[[-0.12324407]
 [ 0.38935089]]","[[ 0.9270244  -0.37500101]
 [ 0.37500101  0.9270244 ]]",[4.46219702 0.57397541],0.9992540200925648,[[0.04372729 0.2697819 ]],0.05888759,False,True,True,,0.0,False,True,False,4925,5657,0.25,TAR_4925+-5dB+Noise_TAR_5657+0dB+Noise,-5.0,CRD017c,A1
0,0.1595284,"[[-0.22275317]
 [ 0.04580244]]","[[ 0.72611902 -0.68756903]
 [ 0.68756903  0.72611902]]",[6.60567121 1.36564854],0.9992060162247223,[[-0.7997995  -0.40673546]],0.12841244,True,False,False,,0.0,False,True,False,4925,5657,0.25,TAR_4925+-5dB+Noise_TAR_5657+0dB+Noise,-5.0,CRD017c,A1
0,1.2678796,"[[1.07749119]
 [0.79167424]]","[[ 0.66502951 -0.74681708]
 [-0.74681708 -0.66502951]]",[6.71807942 0.65594814],0.9999831311004959,[[ 1.21203602 -0.04809873]],0.41619307,False,False,False,,0.0,False,True,False,4925,5657,0.25,TAR_4925+-5dB+Noise_TAR_5657+0dB+Noise,-5.0,CRD017c,A1
0,0.3047367,"[[-0.36522484]
 [ 0.66422035]]","[[ 0.95522082 -0.29589386]
 [ 0.29589386  0.95522082]]",[6.03724168 0.29860536],0.9971154888828374,[[-0.94408916 -0.06032354]],0.13228741,False,True,False,,0.0,False,True,False,4925,5657,0.25,TAR_4925+-5dB+Noise_TAR_5657+0dB+Noise,-5.0,CRD017c,A1
0,1.571076,"[[ 0.70400339]
 [-0.14252032]]","[[-0.69279066 -0.72113876]
 [-0.72113876  0.69279066]]",[4.93917249 2.28189168],0.9921476986393225,[[2.31512915 0.41245159]],1.3802744,True,False,True,,-inf,False,False,True,4925,4925,0.44791666,TAR_4925+-5dB+Noise_CAT_4925+-InfdB+Noise,-5.0,CRD017c,A1
0,1.7461771,"[[ 0.77788174]
 [-0.13727824]]","[[-0.63960468 -0.76870401]
 [-0.76870401  0.63960468]]",[4.88904882 2.11550731],0.9705941070323707,[[2.34102937 0.54536591]],1.5197768,False,False,True,,-inf,False,False,True,4925,4925,0.44791666,TAR_4925+-5dB+Noise_CAT_4925+-InfdB+Noise,-5.0,CRD017c,A1
0,1.2044291,"[[ 0.61168201]
 [-0.6693186 ]]","[[ 0.95280338 -0.30358806]
 [ 0.30358806  0.95280338]]",[4.79680349 0.75685196],0.98386746824959,[[ 1.92419908 -0.04098382]],0.8769123,False,True,True,,-inf,False,False,True,4925,4925,0.44791666,TAR_4925+-5dB+Noise_CAT_4925+-InfdB+Noise,-5.0,CRD017c,A1
0,1.5708251,"[[ 0.86474199]
 [-0.59617263]]","[[ 0.70837053 -0.70584077]
 [ 0.70584077  0.70837053]]",[5.22982107 1.29265334],0.9926394577238722,[[ 1.65261066 -0.23775539]],1.0283678,True,False,False,,-inf,False,False,True,4925,4925,0.44791666,TAR_4925+-5dB+Noise_CAT_4925+-InfdB+Noise,-5.0,CRD017c,A1
0,1.5579859,"[[ 0.85232573]
 [-0.47191018]]","[[-0.66289495 -0.74871242]
 [-0.74871242  0.66289495]]",[5.17460015 1.46638404],0.9969868896101306,[[ 1.77017331 -0.10430304]],1.081169,False,False,False,,-inf,False,False,True,4925,4925,0.44791666,TAR_4925+-5dB+Noise_CAT_4925+-InfdB+Noise,-5.0,CRD017c,A1
0,2.1078212,"[[ 0.92808226]
 [-2.40069361]]","[[ 0.95701124 -0.29005084]
 [ 0.29005084  0.95701124]]",[4.76776167 0.29331474],0.9963475199375913,[[ 1.09379148 -0.4551571 ]],2.098518,False,True,False,,-inf,False,False,True,4925,4925,0.44791666,TAR_4925+-5dB+Noise_CAT_4925+-InfdB+Noise,-5.0,CRD017c,A1
0,1.5001454,"[[ 0.87987127]
 [-0.49747418]]","[[-0.70697278 -0.70724076]
 [-0.70724076  0.70697278]]",[4.9552281  1.19997518],0.9924599952055604,[[1.77319656 0.12068813]],0.9482463,True,False,True,,-inf,False,False,True,4925,5657,0.4861111,TAR_4925+-5dB+Noise_CAT_5657+-InfdB+Noise,-5.0,CRD017c,A1
0,4.874437,"[[2.18491604]
 [0.10599484]]","[[-0.07507206 -0.99717811]
 [-0.99717811  0.07507206]]",[4.8936867  0.95884814],0.998567370942033,[[2.17467757 1.15995017]],4.803818,False,False,True,,-inf,False,False,True,4925,5657,0.4861111,TAR_4925+-5dB+Noise_CAT_5657+-InfdB+Noise,-5.0,CRD017c,A1
0,0.3307595,"[[ 0.35473316]
 [-0.27122622]]","[[ 0.93618442 -0.35150923]
 [ 0.35150923  0.93618442]]",[4.63708473 0.49413967],0.9965264780800873,[[1.09356462 0.21076186]],0.22985485,False,True,True,,-inf,False,False,True,4925,5657,0.4861111,TAR_4925+-5dB+Noise_CAT_5657+-InfdB+Noise,-5.0,CRD017c,A1
0,0.23088421,"[[ 0.24508922]
 [-0.26087737]]","[[-0.65683037 -0.75403837]
 [-0.75403837  0.65683037]]",[7.46468354 1.74502433],0.9798587787834618,[[ 0.29345641 -0.60933308]],0.19255094,True,False,False,,-inf,False,False,True,4925,5657,0.4861111,TAR_4925+-5dB+Noise_CAT_5657+-InfdB+Noise,-5.0,CRD017c,A1
0,0.18702552,"[[ 0.2820422 ]
 [-0.03065308]]","[[ 0.00498218 -0.99998759]
 [-0.99998759 -0.00498218]]",[7.41359911 2.25782994],0.9867513830495549,[[ 0.63762679 -0.23449047]],0.18701927,False,False,False,,-inf,False,False,True,4925,5657,0.4861111,TAR_4925+-5dB+Noise_CAT_5657+-InfdB+Noise,-5.0,CRD017c,A1
0,0.58042717,"[[ 0.29517385]
 [-0.99084497]]","[[ 0.94740104 -0.32004885]
 [ 0.32004885  0.94740104]]",[6.9357043  0.53460464],0.9936342319952804,[[-0.0694368  -0.60647538]],0.28935486,False,True,False,,-inf,False,False,True,4925,5657,0.4861111,TAR_4925+-5dB+Noise_CAT_5657+-InfdB+Noise,-5.0,CRD017c,A1
0,0.5330241,"[[0.23672698]
 [0.23474194]]","[[-0.23402133 -0.97223146]
 [-0.97223146  0.23402133]]",[5.79490593 2.17810365],0.916961760017246,[[0.75567663 1.50861421]],0.53114074,True,False,True,,0.0,False,True,False,5657,5657,0.06666667,TAR_5657+-5dB+Noise_TAR_5657+0dB+Noise,-5.0,CRD017c,A1
0,0.88398653,"[[ 0.49716266]
 [-0.0198822 ]]","[[-0.70482332 -0.70938289]
 [-0.70938289  0.70482332]]",[5.59096972 1.87138069],0.998302171948882,[[1.81206282 0.85017874]],0.7782569,False,False,True,,0.0,False,True,False,5657,5657,0.06666667,TAR_5657+-5dB+Noise_TAR_5657+0dB+Noise,-5.0,CRD017c,A1
0,0.6402691,"[[ 0.44823733]
 [-0.0887245 ]]","[[ 0.87458752 -0.48486769]
 [ 0.48486769  0.87458752]]",[4.64906916 0.85068924],0.9610871018788267,[[1.54070453 0.56728616]],0.53491074,False,True,True,,0.0,False,True,False,5657,5657,0.06666667,TAR_5657+-5dB+Noise_TAR_5657+0dB+Noise,-5.0,CRD017c,A1
0,0.024169672,"[[-0.10119454]
 [ 0.07503018]]","[[-0.60381339 -0.7971257 ]
 [-0.7971257   0.60381339]]",[6.62170796 1.52245385],0.9529594236398913,[[-0.15804864  0.10896966]],0.021079717,True,False,False,,0.0,False,True,False,5657,5657,0.06666667,TAR_5657+-5dB+Noise_TAR_5657+0dB+Noise,-5.0,CRD017c,A1
0,0.06666067,"[[ 0.1388034 ]
 [-0.07650982]]","[[-0.46303255 -0.88634127]
 [-0.88634127  0.46303255]]",[6.88268416 2.65156015],0.8395280603104682,[[ 0.36110367 -0.2161586 ]],0.06233264,False,False,False,,0.0,False,True,False,5657,5657,0.06666667,TAR_5657+-5dB+Noise_TAR_5657+0dB+Noise,-5.0,CRD017c,A1
0,0.000707562,"[[-0.02099673]
 [ 0.03790098]]","[[ 0.93607096 -0.35181126]
 [ 0.35181126  0.93607096]]",[5.97028978 0.25528532],0.9986663449715286,[[-0.0391723  -0.00303233]],0.00023286353,False,True,False,,0.0,False,True,False,5657,5657,0.06666667,TAR_5657+-5dB+Noise_TAR_5657+0dB+Noise,-5.0,CRD017c,A1
0,3.5983384,"[[1.05041909]
 [0.12628907]]","[[-0.29535611 -0.95538723]
 [-0.95538723  0.29535611]]",[5.70072488 2.7203327 ],0.7447483922606426,[[3.23680313 1.57051287]],3.5032272,True,False,True,,-inf,False,False,True,5657,4925,0.4,TAR_5657+-5dB+Noise_CAT_4925+-InfdB+Noise,-5.0,CRD017c,A1
0,3.557376,"[[ 1.04577866]
 [-0.09978624]]","[[-0.54441556 -0.83881565]
 [-0.83881565  0.54441556]]",[5.58544784 2.58144022],0.6377603638873961,[[3.4938379  0.96611735]],3.2220397,False,False,True,,-inf,False,False,True,5657,4925,0.4,TAR_5657+-5dB+Noise_CAT_4925+-InfdB+Noise,-5.0,CRD017c,A1
0,3.3639429,"[[ 1.03556095]
 [-0.69738604]]","[[ 0.91122983 -0.41189827]
 [ 0.41189827  0.91122983]]",[4.91046162 1.10677981],0.9126299369845079,[[3.42117633 0.25652044]],2.48253,False,True,True,,-inf,False,False,True,5657,4925,0.4,TAR_5657+-5dB+Noise_CAT_4925+-InfdB+Noise,-5.0,CRD017c,A1
0,2.7359626,"[[ 1.24995438]
 [-0.47449065]]","[[-0.54043094 -0.84138837]
 [-0.84138837  0.54043094]]",[5.33441103 1.36090543],0.9744833333189258,[[2.29436152 0.27794973]],1.9079036,True,False,False,,-inf,False,False,True,5657,4925,0.4,TAR_5657+-5dB+Noise_CAT_4925+-InfdB+Noise,-5.0,CRD017c,A1
0,4.844615,"[[ 1.77758466]
 [-1.41120161]]","[[ 0.71763923 -0.69641506]
 [ 0.69641506  0.71763923]]",[5.27338658 0.86709078],0.9984153010432897,[[ 2.46745982 -0.3248977 ]],2.4387786,False,False,False,,-inf,False,False,True,5657,4925,0.4,TAR_5657+-5dB+Noise_CAT_4925+-InfdB+Noise,-5.0,CRD017c,A1
0,5.4452934,"[[ 1.93365811]
 [-3.97238034]]","[[ 0.93227159 -0.36175915]
 [ 0.36175915  0.93227159]]",[4.70233617 0.2484683 ],0.9991127048195179,[[ 1.99870834 -0.3978659 ]],2.9097075,False,True,False,,-inf,False,False,True,5657,4925,0.4,TAR_5657+-5dB+Noise_CAT_4925+-InfdB+Noise,-5.0,CRD017c,A1
0,2.9169428,"[[ 1.10807453]
 [-0.05409555]]","[[-0.42063256 -0.90723109]
 [-0.90723109  0.42063256]]",[5.50021264 1.85498405],0.7464291821059734,[[2.69487054 1.27874941]],2.6066666,True,False,True,,-inf,False,False,True,5657,5657,0.41666666,TAR_5657+-5dB+Noise_CAT_5657+-InfdB+Noise,-5.0,CRD017c,A1
0,3.4639165,"[[ 1.40373391]
 [-0.52274811]]","[[-0.59636717 -0.80271178]
 [-0.80271178  0.59636717]]",[5.6150699 1.2008551],0.8849569765925901,[[2.78481192 0.85168833]],2.2904353,False,False,True,,-inf,False,False,True,5657,5657,0.41666666,TAR_5657+-5dB+Noise_CAT_5657+-InfdB+Noise,-5.0,CRD017c,A1
0,2.0072849,"[[ 0.88695438]
 [-0.57136927]]","[[ 0.89005904 -0.45584527]
 [ 0.45584527  0.89005904]]",[4.79677526 0.79803512],0.9477687490808602,[[2.59054187 0.50826612]],1.3635248,False,True,True,,-inf,False,False,True,5657,5657,0.41666666,TAR_5657+-5dB+Noise_CAT_5657+-InfdB+Noise,-5.0,CRD017c,A1
0,0.4242526,"[[ 0.43251371]
 [-0.21107612]]","[[-0.53990253 -0.84172754]
 [-0.84172754  0.53990253]]",[7.63002698 1.75252295],0.9892514590407628,[[ 0.93520727 -0.09362796]],0.27890077,True,False,False,,-inf,False,False,True,5657,5657,0.41666666,TAR_5657+-5dB+Noise_CAT_5657+-InfdB+Noise,-5.0,CRD017c,A1
0,0.9675165,"[[ 0.78262378]
 [-0.59579323]]","[[-0.6560381  -0.75472777]
 [-0.75472777  0.6560381 ]]",[7.82137476 0.97125566],0.9968164761572753,[[ 1.0467032  -0.24898176]],0.42770055,False,False,False,,-inf,False,False,True,5657,5657,0.41666666,TAR_5657+-5dB+Noise_CAT_5657+-InfdB+Noise,-5.0,CRD017c,A1
0,1.4568508,"[[ 0.71331342]
 [-1.56758284]]","[[ 0.92915913 -0.36968   ]
 [ 0.36968     0.92915913]]",[6.88385708 0.47617992],0.9998915148144798,[[ 0.83548005 -0.54918417]],1.2703959,False,True,False,,-inf,False,False,True,5657,5657,0.41666666,TAR_5657+-5dB+Noise_CAT_5657+-InfdB+Noise,-5.0,CRD017c,A1
0,1.8772799,"[[ 0.76139608]
 [-0.19128218]]","[[-0.61996844 -0.78462674]
 [-0.78462674  0.61996844]]",[4.92857827 2.66533697],0.9491599792942469,[[2.4811265  0.06189867]],1.7190127,True,False,True,,-inf,False,False,True,5657,4925,0.8125,TAR_5657+0dB+Noise_CAT_4925+-InfdB+Noise,0.0,CRD017c,A1
0,1.7943959,"[[ 0.73952081]
 [-0.22584331]]","[[ 0.7931741  -0.60899494]
 [ 0.60899494  0.7931741 ]]",[4.57887053 2.19842176],0.9532612080779946,[[2.47359933 0.15445346]],1.5894935,False,False,True,,-inf,False,False,True,5657,4925,0.8125,TAR_5657+0dB+Noise_CAT_4925+-InfdB+Noise,0.0,CRD017c,A1
0,1.4263659,"[[ 0.6174586 ]
 [-0.85354446]]","[[ 0.95797525 -0.28685087]
 [ 0.28685087  0.95797525]]",[4.93928401 0.84150254],0.9900423630641094,[[ 1.88047179 -0.31076572]],1.1898122,False,True,True,,-inf,False,False,True,5657,4925,0.8125,TAR_5657+0dB+Noise_CAT_4925+-InfdB+Noise,0.0,CRD017c,A1
0,2.479805,"[[ 1.05051908]
 [-0.57106535]]","[[-0.69284807 -0.72108359]
 [-0.72108359  0.69284807]]",[5.76147519 1.43197452],0.9966763907589387,[[2.45241016 0.16898007]],1.5927627,True,False,False,,-inf,False,False,True,5657,4925,0.8125,TAR_5657+0dB+Noise_CAT_4925+-InfdB+Noise,0.0,CRD017c,A1
0,3.4312181,"[[ 1.35646951]
 [-0.9751628 ]]","[[ 0.71939393 -0.69460231]
 [ 0.69460231  0.71939393]]",[5.92955846 1.07442059],0.9972350372294003,[[ 2.49995634 -0.04112516]],1.784468,False,False,False,,-inf,False,False,True,5657,4925,0.8125,TAR_5657+0dB+Noise_CAT_4925+-InfdB+Noise,0.0,CRD017c,A1
0,5.0103498,"[[ 1.71778285]
 [-3.82366973]]","[[ 0.94301935 -0.33273791]
 [ 0.33273791  0.94301935]]",[5.15036945 0.25145411],0.9999546589950602,[[ 2.03788064 -0.39483357]],2.8591185,False,True,False,,-inf,False,False,True,5657,4925,0.8125,TAR_5657+0dB+Noise_CAT_4925+-InfdB+Noise,0.0,CRD017c,A1
0,1.8637156,"[[ 0.90238625]
 [-0.49513329]]","[[-0.66117613 -0.75023071]
 [-0.75023071  0.66117613]]",[4.9282188  1.59983556],0.9499509246849254,[[ 1.93919391 -0.22986479]],1.4022967,True,False,True,,-inf,False,False,True,5657,5657,0.9305556,TAR_5657+0dB+Noise_CAT_5657+-InfdB+Noise,0.0,CRD017c,A1
0,2.970758,"[[ 1.32143875]
 [-0.42715154]]","[[-0.46280853 -0.88645827]
 [-0.88645827  0.46280853]]",[4.95839625 1.44139158],0.9715265109336158,[[2.2838363  0.11048032]],2.303125,False,False,True,,-inf,False,False,True,5657,5657,0.9305556,TAR_5657+0dB+Noise_CAT_5657+-InfdB+Noise,0.0,CRD017c,A1
0,0.4797724,"[[ 0.42402427]
 [-0.58651083]]","[[ 0.9422692  -0.33485631]
 [ 0.33485631  0.9422692 ]]",[4.77221243 0.58614308],0.9989991195115232,[[ 1.04983733 -0.05902004]],0.3012995,False,True,True,,-inf,False,False,True,5657,5657,0.9305556,TAR_5657+0dB+Noise_CAT_5657+-InfdB+Noise,0.0,CRD017c,A1
0,0.53369856,"[[ 0.43615945]
 [-0.28067779]]","[[-0.64868654 -0.7610557 ]
 [-0.7610557   0.64868654]]",[8.00631428 1.87436889],0.9870367835327924,[[ 1.09325591 -0.20259762]],0.34531698,True,False,False,,-inf,False,False,True,5657,5657,0.9305556,TAR_5657+0dB+Noise_CAT_5657+-InfdB+Noise,0.0,CRD017c,A1
0,0.4000571,"[[ 0.39318372]
 [-0.14268065]]","[[-0.48803354 -0.87282487]
 [-0.87282487  0.48803354]]",[8.14666978 2.13069223],0.9746863668434078,[[1.03549778 0.04964774]],0.29063714,False,False,False,,-inf,False,False,True,5657,5657,0.9305556,TAR_5657+0dB+Noise_CAT_5657+-InfdB+Noise,0.0,CRD017c,A1
0,1.4353019,"[[ 0.66990184]
 [-1.55519146]]","[[ 0.93730425 -0.34851219]
 [ 0.34851219  0.93730425]]",[7.32810999 0.4829461 ],0.9993184714103939,[[ 0.87465236 -0.54615184]],1.2571039,False,True,False,,-inf,False,False,True,5657,5657,0.9305556,TAR_5657+0dB+Noise_CAT_5657+-InfdB+Noise,0.0,CRD017c,A1
0,0.08104214,"[[-0.14015718]
 [-0.01743328]]","[[ 0.74225529 -0.67011722]
 [ 0.67011722  0.74225529]]",[5.16587592 1.81022645],0.9999968193234414,[[-0.54193259 -0.29176346]],0.07509763,True,False,True,,-inf,True,False,False,4925,5657,0.5,CAT_4925+-InfdB+Noise_CAT_5657+-InfdB+Noise,-inf,CRD017c,A1
0,0.7644538,"[[0.48623826]
 [0.54815377]]","[[ 0.86875877  0.4952355 ]
 [-0.4952355   0.86875877]]",[5.25127122 1.25417352],0.9969150234409939,[[1.13403275 0.38865681]],0.6477846,False,False,True,,-inf,True,False,False,4925,5657,0.5,CAT_4925+-InfdB+Noise_CAT_5657+-InfdB+Noise,-inf,CRD017c,A1
0,0.39601627,"[[-0.3059102 ]
 [ 0.56373056]]","[[ 0.96301494 -0.26944799]
 [ 0.26944799  0.96301494]]",[5.13020958 0.74562895],0.9953480578592162,[[-0.83063446  0.25174568]],0.37440595,False,True,True,,-inf,True,False,False,4925,5657,0.5,CAT_4925+-InfdB+Noise_CAT_5657+-InfdB+Noise,-inf,CRD017c,A1
0,0.5994714,"[[-0.48533594]
 [ 0.16194467]]","[[-0.61128444 -0.79141098]
 [-0.79141098  0.61128444]]",[6.67543193 1.7564059 ],0.9968305503562597,[[-1.35915425 -0.37157769]],0.43230307,True,False,False,,-inf,True,False,False,4925,5657,0.5,CAT_4925+-InfdB+Noise_CAT_5657+-InfdB+Noise,-inf,CRD017c,A1
0,1.036387,"[[0.80278308]
 [0.56538098]]","[[ 0.70961225  0.70459241]
 [-0.70459241  0.70961225]]",[6.61053175 0.90118869],0.9970961186295728,[[ 1.41747357 -0.17959008]],0.45418102,False,False,False,,-inf,True,False,False,4925,5657,0.5,CAT_4925+-InfdB+Noise_CAT_5657+-InfdB+Noise,-inf,CRD017c,A1
0,0.37046975,"[[-0.37924462]
 [ 0.46708391]]","[[ 0.93459355 -0.35571744]
 [ 0.35571744  0.93459355]]",[6.05966381 0.47662165],0.9996246721077227,[[-1.16322829 -0.15131827]],0.19730966,False,True,False,,-inf,True,False,False,4925,5657,0.5,CAT_4925+-InfdB+Noise_CAT_5657+-InfdB+Noise,-inf,CRD017c,A1
0,12.278811,"[[-3.97876778]
 [-0.70909829]]","[[ 0.93672932 -0.35005455]
 [ 0.35005455  0.93672932]]",[0.75402833 0.68423629],0.20847911581413445,[[-2.98230432 -0.58231023]],12.268244,True,False,True,,0.0,False,True,False,3249,3249,0.2797619,TAR_3249+-5dB+Noise_TAR_3249+0dB+Noise,-5.0,CRD018d,A1
0,11.504216,"[[ 3.4744271 ]
 [-0.26792058]]","[[ 0.96805023 -0.25075634]
 [ 0.25075634  0.96805023]]",[0.98681137 0.61203703],0.7946663778148415,[[3.32235418 0.1457933 ]],11.350482,False,False,True,,0.0,False,True,False,3249,3249,0.2797619,TAR_3249+-5dB+Noise_TAR_3249+0dB+Noise,-5.0,CRD018d,A1
0,3.1853726,"[[-2.18550657]
 [ 2.96550272]]","[[ 0.75075471 -0.66058108]
 [ 0.66058108  0.75075471]]",[0.81665225 0.23035146],0.9233861545465971,[[-0.36338388  0.80633706]],2.6097157,False,True,True,,0.0,False,True,False,3249,3249,0.2797619,TAR_3249+-5dB+Noise_TAR_3249+0dB+Noise,-5.0,CRD018d,A1
0,4.210032,"[[-1.15980378]
 [-0.4894481 ]]","[[ 0.40601097 -0.9138682 ]
 [-0.9138682  -0.40601097]]",[8.57831935 2.65458502],0.7417197452111022,[[-3.13556293 -1.17151188]],3.6217911,True,False,False,,0.0,False,True,False,3249,3249,0.2797619,TAR_3249+-5dB+Noise_TAR_3249+0dB+Noise,-5.0,CRD018d,A1
0,4.679696,"[[ 1.24566272]
 [-0.24615936]]","[[-0.22544577 -0.97425572]
 [-0.97425572  0.22544577]]",[8.92117698 2.89626715],0.7233352172962823,[[ 3.66347174 -0.4722389 ]],4.3894606,False,False,False,,0.0,False,True,False,3249,3249,0.2797619,TAR_3249+-5dB+Noise_TAR_3249+0dB+Noise,-5.0,CRD018d,A1
0,1.2057569,"[[-1.34739435]
 [ 0.54027384]]","[[-0.2360084  -0.97175102]
 [-0.97175102  0.2360084 ]]",[5.16911936 0.47673863],0.993662887619474,[[-0.41309769  1.20152298]],1.1976736,False,True,False,,0.0,False,True,False,3249,3249,0.2797619,TAR_3249+-5dB+Noise_TAR_3249+0dB+Noise,-5.0,CRD018d,A1
0,4.667187,"[[0.41243505]
 [1.9953871 ]]","[[-0.18824372 -0.98212235]
 [-0.98212235  0.18824372]]",[1.12431449 0.43404568],0.9902838218399762,[[0.44374674 2.24726835]],4.562561,True,False,True,,-5.0,False,True,False,3249,3732,0.5208333,TAR_3249+-5dB+Noise_TAR_3732+-5dB+Noise,-5.0,CRD018d,A1
0,6.21839,"[[2.21846301]
 [0.63581333]]","[[ 0.99991058 -0.01337253]
 [ 0.01337253  0.99991058]]",[1.18451667 0.93910029],0.3209888289481747,[[2.6297955  0.60440037]],6.2183437,False,False,True,,-5.0,False,True,False,3249,3732,0.5208333,TAR_3249+-5dB+Noise_TAR_3732+-5dB+Noise,-5.0,CRD018d,A1
0,3.6843796,"[[-1.00050599]
 [-1.31783672]]","[[-0.67471515 -0.73807822]
 [-0.73807822  0.67471515]]",[1.35440299 0.31640063],0.9310268390414902,[[-1.47055338 -1.67932945]],3.6708329,False,True,True,,-5.0,False,True,False,3249,3732,0.5208333,TAR_3249+-5dB+Noise_TAR_3732+-5dB+Noise,-5.0,CRD018d,A1
0,0.21540585,"[[0.527899  ]
 [0.10562759]]","[[ 0.16777141 -0.98582592]
 [-0.98582592 -0.16777141]]",[12.13992103  0.73366966],0.9987970119580187,[[0.35751942 0.25250703]],0.16142924,True,False,False,,-5.0,False,True,False,3249,3732,0.5208333,TAR_3249+-5dB+Noise_TAR_3732+-5dB+Noise,-5.0,CRD018d,A1
0,0.80361426,"[[ 0.59162934]
 [-0.43213784]]","[[-0.60497225 -0.79624655]
 [-0.79624655  0.60497225]]",[12.31891104  1.49327596],0.971807831292649,[[ 0.97404844 -0.52607894]],0.47728825,False,False,False,,-5.0,False,True,False,3249,3732,0.5208333,TAR_3249+-5dB+Noise_TAR_3732+-5dB+Noise,-5.0,CRD018d,A1
0,0.4095466,"[[-0.61168543]
 [ 0.18727088]]","[[-0.34628117 -0.93813078]
 [-0.93813078  0.34628117]]",[8.32903746 0.97732354],0.9660305314566795,[[-0.68979432 -0.06616355]],0.24172203,False,True,False,,-5.0,False,True,False,3249,3732,0.5208333,TAR_3249+-5dB+Noise_TAR_3732+-5dB+Noise,-5.0,CRD018d,A1
0,13.042038,"[[ 6.35872654]
 [-0.43849897]]","[[-0.11575525 -0.99327777]
 [-0.99327777  0.11575525]]",[0.76229317 0.32004634],0.9657948103500933,[[ 2.05047074 -0.0083361 ]],12.905273,True,False,True,,-inf,False,False,True,3249,3249,0.5416667,TAR_3249+-5dB+Noise_CAT_3249+-InfdB+Noise,-5.0,CRD018d,A1
0,9.911794,"[[3.84751103]
 [1.8040149 ]]","[[ 0.82401177  0.56657267]
 [-0.56657267  0.82401177]]",[0.79813549 0.46332199],0.9308805959000406,[[2.37532843 0.42831758]],9.382194,False,False,True,,-inf,False,False,True,3249,3249,0.5416667,TAR_3249+-5dB+Noise_CAT_3249+-InfdB+Noise,-5.0,CRD018d,A1
0,2.9064238,"[[ 2.38211983]
 [-2.00572023]]","[[ 0.7781994  -0.62801727]
 [ 0.62801727  0.7781994 ]]",[0.9853589  0.27381003],0.980643647149147,[[ 0.98123811 -0.28368718]],2.2485561,False,True,True,,-inf,False,False,True,3249,3249,0.5416667,TAR_3249+-5dB+Noise_CAT_3249+-InfdB+Noise,-5.0,CRD018d,A1
0,6.64754,"[[3.62277509]
 [0.27409067]]","[[ 0.12318848 -0.99238329]
 [-0.99238329 -0.12318848]]",[7.71676998 0.48697919],0.9989123050276945,[[ 1.91943559 -1.11694273]],5.6006713,True,False,False,,-inf,False,False,True,3249,3249,0.5416667,TAR_3249+-5dB+Noise_CAT_3249+-InfdB+Noise,-5.0,CRD018d,A1
0,8.110049,"[[3.22178831]
 [0.41559152]]","[[ 0.17004566 -0.98543618]
 [-0.98543618 -0.17004566]]",[8.09684789 0.75522379],0.9971083064990712,[[ 2.60584172 -0.68678301]],6.544549,False,False,False,,-inf,False,False,True,3249,3249,0.5416667,TAR_3249+-5dB+Noise_CAT_3249+-InfdB+Noise,-5.0,CRD018d,A1
0,0.994874,"[[ 1.21401681]
 [-0.04714714]]","[[-0.18456883 -0.98281959]
 [-0.98281959  0.18456883]]",[5.13523277 0.57644492],0.9982673706197347,[[0.84935978 0.76914683]],0.8709152,False,True,False,,-inf,False,False,True,3249,3249,0.5416667,TAR_3249+-5dB+Noise_CAT_3249+-InfdB+Noise,-5.0,CRD018d,A1
0,23.278011,"[[8.6130752 ]
 [0.80035193]]","[[-0.06322718 -0.99799916]
 [-0.99799916  0.06322718]]",[0.91697918 0.29612385],0.9553512123869472,[[2.60326939 1.06934877]],23.172962,True,False,True,,-inf,False,False,True,3249,3732,0.60714287,TAR_3249+-5dB+Noise_CAT_3732+-InfdB+Noise,-5.0,CRD018d,A1
0,20.005995,"[[ 5.81868297]
 [-1.11319961]]","[[-0.54506618 -0.83839302]
 [-0.83839302  0.54506618]]",[0.93752907 0.50883785],0.5745472005322001,[[3.48377135 0.23802187]],18.536467,False,False,True,,-inf,False,False,True,3249,3732,0.60714287,TAR_3249+-5dB+Noise_CAT_3732+-InfdB+Noise,-5.0,CRD018d,A1
0,4.061325,"[[-2.04037095]
 [-1.07472253]]","[[-0.60590316 -0.79553841]
 [-0.79553841  0.60590316]]",[0.83336294 0.4410981 ],0.5344614395264132,[[-1.39704063 -1.12665728]],4.0286818,False,True,True,,-inf,False,False,True,3249,3732,0.60714287,TAR_3249+-5dB+Noise_CAT_3732+-InfdB+Noise,-5.0,CRD018d,A1
0,6.984537,"[[3.38444637]
 [0.29973561]]","[[ 0.09349042 -0.99562018]
 [-0.99562018 -0.09349042]]",[8.2123558  0.60480616],0.9927945445063744,[[2.05972944 0.04501768]],6.344164,True,False,False,,-inf,False,False,True,3249,3732,0.60714287,TAR_3249+-5dB+Noise_CAT_3732+-InfdB+Noise,-5.0,CRD018d,A1
0,6.674964,"[[ 2.64065191]
 [-0.31858678]]","[[-0.10646474 -0.99431648]
 [-0.99431648  0.10646474]]",[8.48855847 0.94216423],0.979750802614117,[[ 2.45929391 -0.56758416]],6.1934643,False,False,False,,-inf,False,False,True,3249,3732,0.60714287,TAR_3249+-5dB+Noise_CAT_3732+-InfdB+Noise,-5.0,CRD018d,A1
0,1.639158,"[[-1.66302689]
 [ 0.40635669]]","[[-0.27263755 -0.96211682]
 [-0.96211682  0.27263755]]",[5.70559082 0.55243456],0.9816912846612211,[[-1.00643959 -0.08509299]],1.0395609,False,True,False,,-inf,False,False,True,3249,3732,0.60714287,TAR_3249+-5dB+Noise_CAT_3732+-InfdB+Noise,-5.0,CRD018d,A1
0,21.030075,"[[4.29831556]
 [2.22783223]]","[[-0.19080755 -0.98162746]
 [-0.98162746  0.19080755]]",[1.14108703 0.74407204],0.07044814160860859,[[3.42605106 2.82957859]],21.011284,True,False,True,,-5.0,False,True,False,3249,3732,0.73214287,TAR_3249+0dB+Noise_TAR_3732+-5dB+Noise,0.0,CRD018d,A1
0,21.656961,"[[4.36660672]
 [0.59499187]]","[[ 0.9145877  -0.40438762]
 [ 0.40438762  0.9145877 ]]",[1.12785619 0.96205507],0.1600899038337818,[[4.84299672 0.85631275]],21.591858,False,False,True,,-5.0,False,True,False,3249,3732,0.73214287,TAR_3249+0dB+Noise_TAR_3732+-5dB+Noise,0.0,CRD018d,A1
0,6.4160347,"[[-0.09791713]
 [-2.53759863]]","[[-0.56033686 -0.82826481]
 [-0.82826481  0.56033686]]",[1.24227522 0.35484631],0.999791795148049,[[-1.1071695  -2.48566651]],5.776622,False,True,True,,-5.0,False,True,False,3249,3732,0.73214287,TAR_3249+0dB+Noise_TAR_3732+-5dB+Noise,0.0,CRD018d,A1
0,5.422625,"[[1.33078221]
 [0.5435976 ]]","[[ 0.37836072 -0.92565823]
 [-0.92565823 -0.37836072]]",[10.57286776  2.62408791],0.7737163950141798,[[3.49308235 1.42401891]],4.4659376,True,False,False,,-5.0,False,True,False,3249,3732,0.73214287,TAR_3249+0dB+Noise_TAR_3732+-5dB+Noise,0.0,CRD018d,A1
0,5.946216,"[[ 1.42595229]
 [-0.09007259]]","[[-0.05396974 -0.99854257]
 [-0.99854257  0.05396974]]",[10.59608273  2.91210284],0.7396954386203309,[[ 4.14713562 -0.36191668]],5.91363,False,False,False,,-5.0,False,True,False,3249,3732,0.73214287,TAR_3249+0dB+Noise_TAR_3732+-5dB+Noise,0.0,CRD018d,A1
0,0.3173539,"[[ 0.18606568]
 [-0.29095335]]","[[-0.4138501  -0.91034504]
 [-0.91034504  0.4138501 ]]",[6.75243138 0.94115753],0.9889563420133072,[[-0.27669664 -1.26768653]],0.22248815,False,True,False,,-5.0,False,True,False,3249,3732,0.73214287,TAR_3249+0dB+Noise_TAR_3732+-5dB+Noise,0.0,CRD018d,A1
0,40.91136,"[[8.04258253]
 [0.7576153 ]]","[[ 0.01530344 -0.9998829 ]
 [-0.9998829  -0.01530344]]",[0.78318258 0.62595585],0.0522616501408367,[[5.03277506 0.57397414]],40.910896,True,False,True,,-inf,False,False,True,3249,3249,0.7005494,TAR_3249+0dB+Noise_CAT_3249+-InfdB+Noise,0.0,CRD018d,A1
0,40.339153,"[[7.74065904]
 [1.40602839]]","[[ 0.62414665 -0.78130722]
 [-0.78130722 -0.62414665]]",[0.80670211 0.60671858],0.3835628978688556,[[5.16232202 0.26982416]],39.577953,False,False,True,,-inf,False,False,True,3249,3249,0.7005494,TAR_3249+0dB+Noise_CAT_3249+-InfdB+Noise,0.0,CRD018d,A1
0,8.653607,"[[ 3.85482645]
 [-3.18371178]]","[[-0.64172795 -0.76693235]
 [-0.76693235  0.64172795]]",[0.83930339 0.34618346],0.9806753691840974,[[ 1.34462198 -1.09002424]],8.521954,False,True,True,,-inf,False,False,True,3249,3249,0.7005494,TAR_3249+0dB+Noise_CAT_3249+-InfdB+Noise,0.0,CRD018d,A1
0,9.5467615,"[[1.88153883]
 [0.65210945]]","[[ 0.51270367 -0.85856563]
 [-0.85856563 -0.51270367]]",[6.2868292  2.24028496],0.7096388550619446,[[5.05499852 0.05456916]],7.791946,True,False,False,,-inf,False,False,True,3249,3249,0.7005494,TAR_3249+0dB+Noise_CAT_3249+-InfdB+Noise,0.0,CRD018d,A1
0,10.455103,"[[1.99099044]
 [0.53476314]]","[[ 0.43668826 -0.8996129 ]
 [-0.8996129  -0.43668826]]",[6.41245201 2.31459019],0.6789874972953766,[[ 5.30329673 -0.19393611]],8.904797,False,False,False,,-inf,False,False,True,3249,3249,0.7005494,TAR_3249+0dB+Noise_CAT_3249+-InfdB+Noise,0.0,CRD018d,A1
0,2.68086,"[[ 1.95093556]
 [-0.50392913]]","[[-0.23226223 -0.9726532 ]
 [-0.9726532   0.23226223]]",[3.43954898 0.65935663],0.9853274359048803,[[ 1.26245746 -0.43237614]],2.3211467,False,True,False,,-inf,False,False,True,3249,3249,0.7005494,TAR_3249+0dB+Noise_CAT_3249+-InfdB+Noise,0.0,CRD018d,A1
0,55.495705,"[[9.37521307]
 [1.89491851]]","[[ 0.04098132 -0.99915991]
 [-0.99915991 -0.04098132]]",[0.94185298 0.59804897],0.08980935699107166,[[5.58557372 1.651659  ]],55.48008,True,False,True,,-inf,False,False,True,3249,3732,0.8520408,TAR_3249+0dB+Noise_CAT_3732+-InfdB+Noise,0.0,CRD018d,A1
0,52.60179,"[[8.3755206 ]
 [0.29808454]]","[[ 0.07191192 -0.99741099]
 [-0.99741099 -0.07191192]]",[0.99713444 0.74857656],0.21897125515359786,[[6.27516983 0.14752845]],52.579437,False,False,True,,-inf,False,False,True,3249,3732,0.8520408,TAR_3249+0dB+Noise_CAT_3732+-InfdB+Noise,0.0,CRD018d,A1
0,6.4563622,"[[-1.95733291]
 [-2.29341179]]","[[-0.22666623 -0.9739725 ]
 [-0.9739725   0.22666623]]",[0.79068993 0.41008903],0.8179604939285243,[[-1.03365675 -1.93299434]],6.441849,False,True,True,,-inf,False,False,True,3249,3732,0.8520408,TAR_3249+0dB+Noise_CAT_3732+-InfdB+Noise,0.0,CRD018d,A1
0,10.7057905,"[[1.88804373]
 [0.73722117]]","[[ 0.44944236 -0.89330933]
 [-0.89330933 -0.44944236]]",[6.56971269 2.57081426],0.6560048067235547,[[5.19529237 1.21652956]],9.439088,True,False,False,,-inf,False,False,True,3249,3732,0.8520408,TAR_3249+0dB+Noise_CAT_3732+-InfdB+Noise,0.0,CRD018d,A1
0,11.320266,"[[2.00976329]
 [0.26822176]]","[[ 0.2458758  -0.96930134]
 [-0.96930134 -0.2458758 ]]",[6.48425648 2.70315974],0.6289797157084169,[[ 5.65040927 -0.13317163]],10.81953,False,False,False,,-inf,False,False,True,3249,3732,0.8520408,TAR_3249+0dB+Noise_CAT_3732+-InfdB+Noise,0.0,CRD018d,A1
0,0.5086241,"[[-0.28582561]
 [-0.26350655]]","[[-0.3531349  -0.93557242]
 [-0.93557242  0.3531349 ]]",[4.06732863 0.57792466],0.996880287142369,[[-0.59334191 -1.28661597]],0.5034554,False,True,False,,-inf,False,False,True,3249,3732,0.8520408,TAR_3249+0dB+Noise_CAT_3732+-InfdB+Noise,0.0,CRD018d,A1
0,14.093149,"[[ 5.45276912]
 [-2.36391357]]","[[-0.11770115 -0.99304906]
 [-0.99304906  0.11770115]]",[1.20233964 0.32689434],0.9924705285613652,[[ 1.606724   -2.25560445]],14.063581,True,False,True,,-inf,False,False,True,3732,3249,0.57417583,TAR_3732+-5dB+Noise_CAT_3249+-InfdB+Noise,-5.0,CRD018d,A1
0,13.755389,"[[3.75757701]
 [1.08083792]]","[[ 0.86625344  0.49960482]
 [-0.49960482  0.86625344]]",[1.25814977 0.56606763],0.981503648254254,[[ 3.75474886 -0.32693927]],12.27636,False,False,True,,-inf,False,False,True,3732,3249,0.57417583,TAR_3732+-5dB+Noise_CAT_3249+-InfdB+Noise,-5.0,CRD018d,A1
0,7.7418585,"[[ 3.22073169]
 [-0.11084785]]","[[-0.6074771  -0.79433719]
 [-0.79433719  0.6074771 ]]",[1.39045181 0.41883496],0.9844632754582588,[[2.45179149 1.39564226]],6.7950625,False,True,True,,-inf,False,False,True,3732,3249,0.57417583,TAR_3732+-5dB+Noise_CAT_3249+-InfdB+Noise,-5.0,CRD018d,A1
0,3.8455663,"[[2.70402531]
 [0.27594631]]","[[ 0.16198739 -0.98679283]
 [-0.98679283 -0.16198739]]",[9.6814577  0.48634278],0.9954241558662416,[[ 1.56191617 -1.36944976]],2.8236687,True,False,False,,-inf,False,False,True,3732,3249,0.57417583,TAR_3732+-5dB+Noise_CAT_3249+-InfdB+Noise,-5.0,CRD018d,A1
0,5.9354577,"[[2.24716454]
 [1.39423699]]","[[ 0.57676801 -0.81690799]
 [-0.81690799 -0.57676801]]",[9.71703698 0.81727422],0.9715910452107297,[[ 2.64310971 -0.00290103]],1.8466777,False,False,False,,-inf,False,False,True,3732,3249,0.57417583,TAR_3732+-5dB+Noise_CAT_3249+-InfdB+Noise,-5.0,CRD018d,A1
0,1.3580348,"[[ 0.98192284]
 [-0.18351941]]","[[-0.38156372 -0.92434254]
 [-0.92434254  0.38156372]]",[6.63019763 1.12921098],0.9491506131071109,[[1.5391541  0.83531039]],1.0134883,False,True,False,,-inf,False,False,True,3732,3249,0.57417583,TAR_3732+-5dB+Noise_CAT_3249+-InfdB+Noise,-5.0,CRD018d,A1
0,17.431171,"[[ 7.32657589]
 [-1.36619276]]","[[-0.08646125 -0.99625521]
 [-0.99625521  0.08646125]]",[1.35620883 0.30378866],0.9871575557743393,[[ 2.15952266 -1.17791958]],17.171148,True,False,True,,-inf,False,False,True,3732,3732,0.6683673,TAR_3732+-5dB+Noise_CAT_3732+-InfdB+Noise,-5.0,CRD018d,A1
0,11.456125,"[[ 3.75946598]
 [-1.23710966]]","[[-0.37956873 -0.92516354]
 [-0.92516354  0.37956873]]",[1.59958297 0.72692094],0.5964427061438871,[[ 2.82639094 -0.67124593]],10.69788,False,False,True,,-inf,False,False,True,3732,3732,0.6683673,TAR_3732+-5dB+Noise_CAT_3732+-InfdB+Noise,-5.0,CRD018d,A1
0,0.27114642,"[[-0.12759088]
 [ 0.50758116]]","[[-0.42758944 -0.90397305]
 [-0.90397305  0.42758944]]",[1.31351997 0.5110589 ],0.8060516837007623,[[0.07351275 0.55267217]],0.24071822,False,True,True,,-inf,False,False,True,3732,3732,0.6683673,TAR_3732+-5dB+Noise_CAT_3732+-InfdB+Noise,-5.0,CRD018d,A1
0,4.428353,"[[2.64074032]
 [0.32166397]]","[[ 0.13701619 -0.99056881]
 [-0.99056881 -0.13701619]]",[10.1579862   0.62322706],0.9857242895304527,[[ 1.70221002 -0.20748935]],3.5054646,True,False,False,,-inf,False,False,True,3732,3732,0.6683673,TAR_3732+-5dB+Noise_CAT_3732+-InfdB+Noise,-5.0,CRD018d,A1
0,3.5674353,"[[1.69458123]
 [0.48199745]]","[[ 0.29732002 -0.95477788]
 [-0.95477788 -0.29732002]]",[10.22681258  1.1437585 ],0.9829595542762019,[[2.05602425 0.1728953 ]],2.2794049,False,False,False,,-inf,False,False,True,3732,3732,0.6683673,TAR_3732+-5dB+Noise_CAT_3732+-InfdB+Noise,-5.0,CRD018d,A1
0,0.08317494,"[[-0.26891248]
 [ 0.10433115]]","[[-0.42798071 -0.90378787]
 [-0.90378787  0.42798071]]",[7.33917   0.9665863],0.9975688346252721,[[-0.31664527 -0.01892944]],0.04490426,False,True,False,,-inf,False,False,True,3732,3732,0.6683673,TAR_3732+-5dB+Noise_CAT_3732+-InfdB+Noise,-5.0,CRD018d,A1
0,2.7728682,"[[3.00623401]
 [1.03093772]]","[[-0.01680863 -0.99985873]
 [-0.99985873  0.01680863]]",[1.0050879  0.17888895],0.9992915085098801,[[0.55279866 1.07768487]],2.7727582,True,False,True,,-inf,True,False,False,3249,3732,0.489011,CAT_3249+-InfdB+Noise_CAT_3732+-InfdB+Noise,-inf,CRD018d,A1
0,12.858178,"[[ 3.71282265]
 [-0.83921757]]","[[ 0.77675862 -0.62979841]
 [ 0.62979841  0.77675862]]",[1.07751315 0.76947327],0.43088245610216064,[[ 3.42050751 -0.18879511]],12.519726,False,False,True,,-inf,True,False,False,3249,3732,0.489011,CAT_3249+-InfdB+Noise_CAT_3732+-InfdB+Noise,-inf,CRD018d,A1
0,9.944585,"[[-4.06766288]
 [-0.32094683]]","[[-0.39627815 -0.91813051]
 [-0.91813051  0.39627815]]",[0.90025131 0.51269287],0.6896058347033674,[[-2.37827873 -0.8429701 ]],9.649943,False,True,True,,-inf,True,False,False,3249,3732,0.489011,CAT_3249+-InfdB+Noise_CAT_3732+-InfdB+Noise,-inf,CRD018d,A1
0,0.3543157,"[[0.60402371]
 [0.23200007]]","[[ 0.05350692 -0.99856748]
 [-0.99856748 -0.05350692]]",[5.78278989 0.32858186],0.9973021209730845,[[0.14029385 1.16196041]],0.34856832,True,False,False,,-inf,True,False,False,3249,3732,0.489011,CAT_3249+-InfdB+Noise_CAT_3732+-InfdB+Noise,-inf,CRD018d,A1
0,8.431768,"[[ 2.9903831 ]
 [-0.65843243]]","[[-0.26184679 -0.96510945]
 [-0.96510945  0.26184679]]",[5.75867553 0.88798818],0.959326607313903,[[2.84362267 0.10897537]],6.506569,False,False,False,,-inf,True,False,False,3249,3732,0.489011,CAT_3249+-InfdB+Noise_CAT_3732+-InfdB+Noise,-inf,CRD018d,A1
0,3.6486888,"[[-2.09521785]
 [ 0.28050104]]","[[-0.29086756 -0.95676333]
 [-0.95676333  0.29086756]]",[3.97908267 0.73199033],0.9687824175185075,[[-1.85579937 -0.85423983]],2.9843254,False,True,False,,-inf,True,False,False,3249,3732,0.489011,CAT_3249+-InfdB+Noise_CAT_3732+-InfdB+Noise,-inf,CRD018d,A1
0,1.9716367,"[[-1.1956557 ]
 [-1.29427691]]","[[ 0.65782489 -0.7531709 ]
 [-0.7531709  -0.65782489]]",[2.06158201 0.61856373],0.9937243936193985,[[-0.56086418 -1.00522247]],1.8108423,True,False,True,,-5.0,False,True,False,25992,29857,0.6,TAR_25992+0dB+Noise_TAR_29857+-5dB+Noise,0.0,CRD019b,A1
0,15.722096,"[[5.57034779]
 [1.71504896]]","[[ 0.35288098 -0.93566822]
 [-0.93566822 -0.35288098]]",[2.5445515  0.45480581],0.8926724250314412,[[2.79960463 0.07423976]],11.142328,False,False,True,,-5.0,False,True,False,25992,29857,0.6,TAR_25992+0dB+Noise_TAR_29857+-5dB+Noise,0.0,CRD019b,A1
0,9.25302,"[[-1.89677875]
 [ 3.1026929 ]]","[[ 0.92861365 -0.37104811]
 [ 0.37104811  0.92861365]]",[2.00099131 0.661998  ],0.8716630059571246,[[-2.01429934  1.75084686]],9.170158,False,True,True,,-5.0,False,True,False,25992,29857,0.6,TAR_25992+0dB+Noise_TAR_29857+-5dB+Noise,0.0,CRD019b,A1
0,2.2928157,"[[-1.4324595 ]
 [-0.36144756]]","[[ 0.22637823 -0.97403947]
 [-0.97403947 -0.22637823]]",[2.84174123 1.049871  ],0.8915018276849799,[[-1.49262635 -0.42797063]],2.1927273,True,False,False,,-5.0,False,True,False,25992,29857,0.6,TAR_25992+0dB+Noise_TAR_29857+-5dB+Noise,0.0,CRD019b,A1
0,17.50949,"[[6.60512557]
 [0.16844344]]","[[ 0.03127234 -0.9995109 ]
 [-0.9995109  -0.03127234]]",[5.03742657 0.40092316],0.9939241551279525,[[ 2.65368611 -0.10947968]],17.329372,False,False,False,,-5.0,False,True,False,25992,29857,0.6,TAR_25992+0dB+Noise_TAR_29857+-5dB+Noise,0.0,CRD019b,A1
0,7.662232,"[[-1.78410846]
 [ 2.97065877]]","[[ 0.81747785 -0.57596004]
 [ 0.57596004  0.81747785]]",[2.77801987 0.62667785],0.9986940054231808,[[-0.67397557  2.17452991]],5.2514296,False,True,False,,-5.0,False,True,False,25992,29857,0.6,TAR_25992+0dB+Noise_TAR_29857+-5dB+Noise,0.0,CRD019b,A1
0,18.273806,"[[3.11746728]
 [0.81297409]]","[[ 0.73503148  0.67803298]
 [-0.67803298  0.73503148]]",[4.4920222  0.63532923],0.9968672503051335,[[ 6.91375881 -4.03409084]],14.5492115,True,False,True,,-inf,False,False,True,25992,25992,0.65,TAR_25992+0dB+Noise_CAT_25992+-InfdB+Noise,0.0,CRD019b,A1
0,18.83439,"[[2.13684634]
 [0.91105118]]","[[ 0.90359729  0.42838293]
 [-0.42838293  0.90359729]]",[4.48412661 2.71008444],0.283697953444571,[[8.26059775 1.29823974]],18.217005,False,False,True,,-inf,False,False,True,25992,25992,0.65,TAR_25992+0dB+Noise_CAT_25992+-InfdB+Noise,0.0,CRD019b,A1
0,10.879966,"[[-1.83123642]
 [-0.01885274]]","[[ 0.80418062 -0.594385  ]
 [ 0.594385    0.80418062]]",[4.47134482 0.89837653],0.838654900387007,[[-5.90870546 -3.16821826]],9.739695,False,True,True,,-inf,False,False,True,25992,25992,0.65,TAR_25992+0dB+Noise_CAT_25992+-InfdB+Noise,0.0,CRD019b,A1
0,9.604722,"[[2.14755275]
 [0.0153253 ]]","[[ 0.39175587 -0.9200692 ]
 [-0.9200692  -0.39175587]]",[5.64257467 1.4622416 ],0.8274869040470305,[[ 4.49494793 -3.1592256 ]],8.588097,True,False,False,,-inf,False,False,True,25992,25992,0.65,TAR_25992+0dB+Noise_CAT_25992+-InfdB+Noise,0.0,CRD019b,A1
0,9.314989,"[[1.71644144]
 [0.46284682]]","[[ 0.43116636 -0.90227245]
 [-0.90227245 -0.43116636]]",[8.9317693  2.74382236],0.8716850686153832,[[ 5.56993915 -0.53038184]],7.5595756,False,False,False,,-inf,False,False,True,25992,25992,0.65,TAR_25992+0dB+Noise_CAT_25992+-InfdB+Noise,0.0,CRD019b,A1
0,3.8135896,"[[-1.08138842]
 [ 0.31541127]]","[[ 0.85688429 -0.51550879]
 [ 0.51550879  0.85688429]]",[5.67093548 0.73451273],0.9989116461857057,[[-4.02608626 -1.71260005]],3.1141145,False,True,False,,-inf,False,False,True,25992,25992,0.65,TAR_25992+0dB+Noise_CAT_25992+-InfdB+Noise,0.0,CRD019b,A1
0,33.109947,"[[6.75613682]
 [6.25252222]]","[[ 0.62149074 -0.78342151]
 [-0.78342151 -0.62149074]]",[1.60753601 0.38366007],0.9584995662701414,[[2.06001322 3.06951581]],31.937832,True,False,True,,-inf,False,False,True,25992,29857,0.8333333,TAR_25992+0dB+Noise_CAT_29857+-InfdB+Noise,0.0,CRD019b,A1
0,30.322775,"[[8.12480177]
 [0.17292561]]","[[-0.030428   -0.99953696]
 [-0.99953696  0.030428  ]]",[2.56592655 0.45349753],0.8363063675592843,[[3.71157817 0.96537221]],30.220606,False,False,True,,-inf,False,False,True,25992,29857,0.8333333,TAR_25992+0dB+Noise_CAT_29857+-InfdB+Noise,0.0,CRD019b,A1
0,5.1822004,"[[-0.69699655]
 [ 3.52469261]]","[[ 0.98343738 -0.18124823]
 [ 0.18124823  0.98343738]]",[2.03497866 0.4011578 ],0.9999546483494017,[[-0.35449374  1.400156  ]],4.719882,False,True,True,,-inf,False,False,True,25992,29857,0.8333333,TAR_25992+0dB+Noise_CAT_29857+-InfdB+Noise,0.0,CRD019b,A1
0,7.626358,"[[0.4053466 ]
 [2.44982611]]","[[ 0.28296122 -0.95913135]
 [-0.95913135 -0.28296122]]",[1.27212736 1.08632273],0.220850351794895,[[0.32283056 3.05960485]],7.6130443,True,False,False,,-inf,False,False,True,25992,29857,0.8333333,TAR_25992+0dB+Noise_CAT_29857+-InfdB+Noise,0.0,CRD019b,A1
0,13.064864,"[[ 3.75262196]
 [-1.10110518]]","[[-0.36108265 -0.93253382]
 [-0.93253382  0.36108265]]",[2.48919492 0.84261836],0.6893214894892001,[[ 3.35715294 -0.42388125]],11.437535,False,False,False,,-inf,False,False,True,25992,29857,0.8333333,TAR_25992+0dB+Noise_CAT_29857+-InfdB+Noise,0.0,CRD019b,A1
0,4.0859976,"[[-0.0544444 ]
 [ 2.18462877]]","[[ 0.88396015 -0.46756224]
 [ 0.46756224  0.88396015]]",[1.72454136 0.64057085],0.9542366977293231,[[0.89774994 1.89271278]],3.6926696,False,True,False,,-inf,False,False,True,25992,29857,0.8333333,TAR_25992+0dB+Noise_CAT_29857+-InfdB+Noise,0.0,CRD019b,A1
0,23.888626,"[[3.81107912]
 [1.51797756]]","[[ 0.72562942  0.68808571]
 [-0.68808571  0.72562942]]",[4.36270889 0.79094339],0.9817642666038995,[[ 7.47462299 -3.02886838]],16.462307,True,False,True,,-inf,False,False,True,29857,25992,0.5625,TAR_29857+-5dB+Noise_CAT_25992+-InfdB+Noise,-5.0,CRD019b,A1
0,21.434029,"[[2.34538724]
 [1.60541311]]","[[ 0.96575225  0.25946597]
 [-0.25946597  0.96575225]]",[4.21975647 1.50500544],0.9081582294920725,[[8.37620909 1.11408973]],20.191938,False,False,True,,-inf,False,False,True,29857,25992,0.5625,TAR_29857+-5dB+Noise_CAT_25992+-InfdB+Noise,-5.0,CRD019b,A1
0,10.260511,"[[-0.02661314]
 [-2.06479664]]","[[ 0.73611768 -0.67685357]
 [ 0.67685357  0.73611768]]",[4.37229966 0.65587251],0.9979669746352702,[[-3.89440613 -4.91906512]],9.339234,False,True,True,,-inf,False,False,True,29857,25992,0.5625,TAR_29857+-5dB+Noise_CAT_25992+-InfdB+Noise,-5.0,CRD019b,A1
0,21.767355,"[[4.08072778]
 [0.97621972]]","[[ 0.40276235 -0.91530459]
 [-0.91530459 -0.40276235]]",[6.54844684 1.06106982],0.9920684001343029,[[ 5.98757428 -2.73125497]],15.09748,True,False,False,,-inf,False,False,True,29857,25992,0.5625,TAR_29857+-5dB+Noise_CAT_25992+-InfdB+Noise,-5.0,CRD019b,A1
0,18.597084,"[[2.8329944 ]
 [0.93606295]]","[[ 0.40204898 -0.91561816]
 [-0.91561816 -0.40204898]]",[10.69594979  2.0115347 ],0.995413331889335,[[ 6.68302908 -0.35884407]],12.625134,False,False,False,,-inf,False,False,True,29857,25992,0.5625,TAR_29857+-5dB+Noise_CAT_25992+-InfdB+Noise,-5.0,CRD019b,A1
0,8.863097,"[[ 1.0027117 ]
 [-3.14481321]]","[[ 0.84799413 -0.53000562]
 [ 0.53000562  0.84799413]]",[6.00480192 0.4751465 ],0.9952240639374796,[[-3.35211069 -3.88712995]],5.8010583,False,True,False,,-inf,False,False,True,29857,25992,0.5625,TAR_29857+-5dB+Noise_CAT_25992+-InfdB+Noise,-5.0,CRD019b,A1
0,40.977657,"[[6.54402289]
 [5.84738763]]","[[ 0.54755862 -0.83676733]
 [-0.83676733 -0.54755862]]",[1.5076536  0.50984333],0.9843739558598981,[[2.6208774  4.07473828]],40.36583,True,False,True,,-inf,False,False,True,29857,29857,0.7916667,TAR_29857+-5dB+Noise_CAT_29857+-InfdB+Noise,-5.0,CRD019b,A1
0,42.103725,"[[ 9.01522488]
 [-3.67239703]]","[[-0.67739757 -0.73561711]
 [-0.73561711  0.67739757]]",[1.10334607 0.35241712],0.8943328122116885,[[4.90937651 0.58692174]],31.381496,False,False,True,,-inf,False,False,True,29857,29857,0.7916667,TAR_29857+-5dB+Noise_CAT_29857+-InfdB+Noise,-5.0,CRD019b,A1
0,3.3011546,"[[ 1.64382029]
 [-1.63315512]]","[[ 0.91429981 -0.4050381 ]
 [ 0.4050381   0.91429981]]",[1.63468937 0.45989791],0.8762911041709767,[[ 1.65980559 -0.35069086]],2.8227787,False,True,True,,-inf,False,False,True,29857,29857,0.7916667,TAR_29857+-5dB+Noise_CAT_29857+-InfdB+Noise,-5.0,CRD019b,A1
0,16.736145,"[[3.64632057]
 [2.90069917]]","[[ 0.41909529 -0.90794226]
 [-0.90794226 -0.41909529]]",[2.17606739 0.68708309],0.6387195592342763,[[1.81545691 3.48757548]],16.433418,True,False,False,,-inf,False,False,True,29857,29857,0.7916667,TAR_29857+-5dB+Noise_CAT_29857+-InfdB+Noise,-5.0,CRD019b,A1
0,31.313147,"[[ 7.30903963]
 [-1.77202984]]","[[-0.26794747 -0.96343352]
 [-0.96343352  0.26794747]]",[3.81378235 0.54996469],0.9576760784115023,[[ 4.23940108 -0.18464465]],23.404785,False,False,False,,-inf,False,False,True,29857,29857,0.7916667,TAR_29857+-5dB+Noise_CAT_29857+-InfdB+Noise,-5.0,CRD019b,A1
0,3.6832538,"[[ 1.97464798]
 [-2.05682738]]","[[ 0.84605953 -0.53308843]
 [ 0.53308843  0.84605953]]",[2.05423593 0.3853765 ],0.9377116044922341,[[ 1.57172551 -0.28181712]],2.35374,False,True,False,,-inf,False,False,True,29857,29857,0.7916667,TAR_29857+-5dB+Noise_CAT_29857+-InfdB+Noise,-5.0,CRD019b,A1
0,23.470955,"[[0.5621828 ]
 [3.68821755]]","[[ 0.71819656  0.69584028]
 [-0.69584028  0.71819656]]",[3.89749104 0.56721158],0.9329479196508759,[[-4.85374559  7.10360665]],19.814991,True,False,True,,-inf,True,False,False,25992,29857,0.2777778,CAT_25992+-InfdB+Noise_CAT_29857+-InfdB+Noise,-inf,CRD019b,A1
0,30.886328,"[[ 3.3720474 ]
 [-2.66489645]]","[[ 0.9236267  -0.38329325]
 [ 0.38329325  0.9236267 ]]",[3.83474507 0.9996469 ],0.9375784741582911,[[ 8.85172821 -0.38946402]],24.553423,False,False,True,,-inf,True,False,False,25992,29857,0.2777778,CAT_25992+-InfdB+Noise_CAT_29857+-InfdB+Noise,-inf,CRD019b,A1
0,12.556378,"[[1.18036014]
 [1.3134668 ]]","[[ 0.7904875  -0.61247817]
 [ 0.61247817  0.7904875 ]]",[4.13723261 0.66408671],0.843804085485926,[[5.55421172 4.56837426]],12.554281,False,True,True,,-inf,True,False,False,25992,29857,0.2777778,CAT_25992+-InfdB+Noise_CAT_29857+-InfdB+Noise,-inf,CRD019b,A1
0,11.534042,"[[-1.34999178]
 [ 0.94900773]]","[[ 0.47029117 -0.88251131]
 [-0.88251131 -0.47029117]]",[5.05997136 1.01638316],0.7303714373631848,[[-4.17211737  6.21883045]],11.533477,True,False,False,,-inf,True,False,False,25992,29857,0.2777778,CAT_25992+-InfdB+Noise_CAT_29857+-InfdB+Noise,-inf,CRD019b,A1
0,19.66561,"[[ 2.60083372]
 [-1.12405735]]","[[-0.58483269 -0.81115395]
 [-0.81115395  0.58483269]]",[7.47219991 2.20617406],0.5265511156666046,[[7.61428449 0.12266155]],14.268085,False,False,False,,-inf,True,False,False,25992,29857,0.2777778,CAT_25992+-InfdB+Noise_CAT_29857+-InfdB+Noise,-inf,CRD019b,A1
0,8.467831,"[[0.33026341]
 [1.89766259]]","[[ 0.87041815 -0.49231315]
 [ 0.49231315  0.87041815]]",[4.96085962 0.47950328],0.967146702102562,[[4.9238362  3.60531283]],8.216501,False,True,False,,-inf,True,False,False,25992,29857,0.2777778,CAT_25992+-InfdB+Noise_CAT_29857+-InfdB+Noise,-inf,CRD019b,A1
0,1.4914539,"[[-1.19198469]
 [-0.38369415]]","[[-0.10760565 -0.99419366]
 [-0.99419366  0.10760565]]",[2.42529503 0.6583745 ],0.9391726693391067,[[-0.88168772 -1.14803836]],1.487315,True,False,True,,0.0,False,True,False,354,354,0.43095237,TAR_354+-5dB+Noise_TAR_354+0dB+Noise,-5.0,CRD010b,PEG
0,1.895319,"[[1.51607464]
 [0.06082654]]","[[ 0.38082186 -0.92464843]
 [-0.92464843 -0.38082186]]",[2.3724404  0.61609913],0.9686664796732609,[[ 1.28259913 -0.80880848]],1.6695172,False,False,True,,0.0,False,True,False,354,354,0.43095237,TAR_354+-5dB+Noise_TAR_354+0dB+Noise,-5.0,CRD010b,PEG
0,1.4795882,"[[0.57913943]
 [2.35653776]]","[[ 0.99804486  0.06250163]
 [-0.06250163  0.99804486]]",[1.23161217 0.21936991],0.9928894141343543,[[0.562186   0.48970322]],1.4714226,False,True,True,,0.0,False,True,False,354,354,0.43095237,TAR_354+-5dB+Noise_TAR_354+0dB+Noise,-5.0,CRD010b,PEG
0,2.5791798,"[[-2.00841834]
 [ 0.1048688 ]]","[[ 0.00413111 -0.99999147]
 [-0.99999147 -0.00413111]]",[3.42718546 0.62880231],0.9524007161866703,[[-1.26420633  0.38261779]],2.5790303,True,False,False,,0.0,False,True,False,354,354,0.43095237,TAR_354+-5dB+Noise_TAR_354+0dB+Noise,-5.0,CRD010b,PEG
0,3.403287,"[[2.34425493]
 [0.8025016 ]]","[[ 0.28216313 -0.95936644]
 [-0.95936644 -0.28216313]]",[3.46794948 0.54873249],0.9548229909529848,[[1.1970549  0.74402984]],2.776561,False,False,False,,0.0,False,True,False,354,354,0.43095237,TAR_354+-5dB+Noise_TAR_354+0dB+Noise,-5.0,CRD010b,PEG
0,0.22300962,"[[-0.18983979]
 [ 0.46961857]]","[[ 0.98051985  0.19642001]
 [-0.19642001  0.98051985]]",[2.12647889 0.32505764],0.9915153033716628,[[-0.55342698  0.25115522]],0.22296058,False,True,False,,0.0,False,True,False,354,354,0.43095237,TAR_354+-5dB+Noise_TAR_354+0dB+Noise,-5.0,CRD010b,PEG
0,3.3906481,"[[-2.28089064]
 [-0.14832715]]","[[-0.1079911  -0.99415186]
 [-0.99415186  0.1079911 ]]",[2.89571691 0.58027346],0.9724012618245444,[[-1.42200282 -0.99250335]],3.3101792,True,False,True,,inf,False,True,False,354,354,0.44375,TAR_354+-5dB+Noise_TAR_354+InfdB+Noise,-5.0,CRD010b,PEG
0,3.930117,"[[2.38790267]
 [0.52068656]]","[[ 0.3616733 -0.9323049]
 [-0.9323049 -0.3616733]]",[2.96031054 0.6014733 ],0.9728198672002231,[[ 1.75891457 -0.51854595]],2.9879386,False,False,True,,inf,False,True,False,354,354,0.44375,TAR_354+-5dB+Noise_TAR_354+InfdB+Noise,-5.0,CRD010b,PEG
0,1.2788241,"[[0.21627066]
 [2.13763313]]","[[ 0.99880277  0.04891856]
 [-0.04891856  0.99880277]]",[1.60805808 0.27343612],0.993392349475645,[[0.2076908  0.57723031]],1.2676121,False,True,True,,inf,False,True,False,354,354,0.44375,TAR_354+-5dB+Noise_TAR_354+InfdB+Noise,-5.0,CRD010b,PEG
0,4.2892118,"[[-2.27992214]
 [ 0.16547629]]","[[-0.07847611 -0.99691599]
 [-0.99691599  0.07847611]]",[3.49049177 0.8207352 ],0.8955649413039375,[[-1.87413577  0.09867475]],4.2250443,True,False,False,,inf,False,True,False,354,354,0.44375,TAR_354+-5dB+Noise_TAR_354+InfdB+Noise,-5.0,CRD010b,PEG
0,5.264381,"[[2.3556407 ]
 [0.95143867]]","[[ 0.3907846  -0.92048216]
 [-0.92048216 -0.3907846 ]]",[3.62467207 0.81476956],0.9094423505052925,[[1.96846015 0.65941813]],4.07953,False,False,False,,inf,False,True,False,354,354,0.44375,TAR_354+-5dB+Noise_TAR_354+InfdB+Noise,-5.0,CRD010b,PEG
0,0.86401623,"[[-0.4702922 ]
 [ 1.26640224]]","[[ 0.98331108 -0.18193218]
 [ 0.18193218  0.98331108]]",[2.32584143 0.41713082],0.8889783746779563,[[-0.631687    0.44767668]],0.84724617,False,True,False,,inf,False,True,False,354,354,0.44375,TAR_354+-5dB+Noise_TAR_354+InfdB+Noise,-5.0,CRD010b,PEG
0,13.805353,"[[ 4.67828559]
 [-0.16417364]]","[[ 0.02899334 -0.9995796 ]
 [-0.9995796  -0.02899334]]",[2.22044243 0.62345075],0.7690193243757846,[[ 2.93055944 -0.58084122]],13.7849455,True,False,True,,-inf,False,False,True,354,354,0.5404762,TAR_354+-5dB+Noise_CAT_354+-InfdB+Noise,-5.0,CRD010b,PEG
0,13.813294,"[[ 4.61413902]
 [-0.5286122 ]]","[[-0.17586612 -0.98441409]
 [-0.98441409  0.17586612]]",[2.24413722 0.63407721],0.7546383204071783,[[3.00814609 0.12619846]],13.099591,False,False,True,,-inf,False,False,True,354,354,0.5404762,TAR_354+-5dB+Noise_CAT_354+-InfdB+Noise,-5.0,CRD010b,PEG
0,2.1237752,"[[ 1.05106921]
 [-1.67927307]]","[[ 0.99761938  0.06896061]
 [-0.06896061  0.99761938]]",[1.34732478 0.11566122],0.9963264022981774,[[ 1.55226686 -0.29312408]],2.1054125,False,True,True,,-inf,False,False,True,354,354,0.5404762,TAR_354+-5dB+Noise_CAT_354+-InfdB+Noise,-5.0,CRD010b,PEG
0,3.7937527,"[[2.69215625]
 [0.47758138]]","[[ 0.14108513 -0.98999747]
 [-0.98999747 -0.14108513]]",[2.31512893 0.50537895],0.9942300873242846,[[1.33681833 0.40794903]],3.6131494,True,False,False,,-inf,False,False,True,354,354,0.5404762,TAR_354+-5dB+Noise_CAT_354+-InfdB+Noise,-5.0,CRD010b,PEG
0,3.8384118,"[[ 2.58109051]
 [-0.79712212]]","[[-0.26836157 -0.96331826]
 [-0.96331826  0.26836157]]",[2.35518929 0.52457565],0.9892237420739031,[[ 1.31702576 -0.55079293]],3.345253,False,False,False,,-inf,False,False,True,354,354,0.5404762,TAR_354+-5dB+Noise_CAT_354+-InfdB+Noise,-5.0,CRD010b,PEG
0,0.29540703,"[[-0.10146325]
 [-1.01500712]]","[[ 0.98656178  0.16338866]
 [-0.16338866  0.98656178]]",[1.36794658 0.279378  ],0.9899819157544082,[[ 0.04225518 -0.29526331]],0.27376378,False,True,False,,-inf,False,False,True,354,354,0.5404762,TAR_354+-5dB+Noise_CAT_354+-InfdB+Noise,-5.0,CRD010b,PEG
0,0.3635283,"[[-0.66236171]
 [ 0.0362895 ]]","[[ 0.05716793 -0.99836458]
 [-0.99836458 -0.05716793]]",[2.51254244 0.80481906],0.993383560770215,[[-0.5403151   0.15553501]],0.3620005,True,False,True,,inf,False,True,False,354,354,0.49330357,TAR_354+0dB+Noise_TAR_354+InfdB+Noise,0.0,CRD010b,PEG
0,0.8712979,"[[0.89669238]
 [0.25987093]]","[[ 0.1956446  -0.98067486]
 [-0.98067486 -0.1956446 ]]",[2.53259388 0.98849151],0.9993877014476218,[[0.86238164 0.37713666]],0.84976614,False,False,True,,inf,False,True,False,354,354,0.49330357,TAR_354+0dB+Noise_TAR_354+InfdB+Noise,0.0,CRD010b,PEG
0,0.103335716,"[[-0.22695573]
 [ 0.26141621]]","[[ 0.99999927 -0.00120477]
 [ 0.00120477  0.99999927]]",[1.56366274 0.33610113],0.999990745924618,[[-0.3544952  0.0875271]],0.10333558,False,True,True,,inf,False,True,False,354,354,0.49330357,TAR_354+0dB+Noise_TAR_354+InfdB+Noise,0.0,CRD010b,PEG
0,0.48962107,"[[-0.83738748]
 [ 0.07440295]]","[[-0.2189989  -0.97572511]
 [-0.97572511  0.2189989 ]]",[3.70632552 0.63951233],0.9885733804918966,[[-0.60992944 -0.28394304]],0.42591557,True,False,False,,inf,False,True,False,354,354,0.49330357,TAR_354+0dB+Noise_TAR_354+InfdB+Noise,0.0,CRD010b,PEG
0,0.4680888,"[[0.64899402]
 [0.19175893]]","[[ 0.45804955 -0.88892666]
 [-0.88892666 -0.45804955]]",[3.96079226 0.91516067],0.9515297419436122,[[ 0.77084262 -0.1678328 ]],0.33718228,False,False,False,,inf,False,True,False,354,354,0.49330357,TAR_354+0dB+Noise_TAR_354+InfdB+Noise,0.0,CRD010b,PEG
0,0.06807125,"[[-0.05384427]
 [ 0.32493855]]","[[ 0.99554457 -0.09429217]
 [ 0.09429217  0.99554457]]",[2.58569016 0.61790937],0.8219068438256033,[[-0.07826003  0.19652147]],0.066851035,False,True,False,,inf,False,True,False,354,354,0.49330357,TAR_354+0dB+Noise_TAR_354+InfdB+Noise,0.0,CRD010b,PEG
0,20.92516,"[[5.27762949]
 [1.42019533]]","[[ 0.31991855 -0.94744505]
 [-0.94744505 -0.31991855]]",[1.98982485 0.69543946],0.9417809571821889,[[3.81224716 0.56719714]],18.903784,True,False,True,,-inf,False,False,True,354,354,0.5867347,TAR_354+0dB+Noise_CAT_354+-InfdB+Noise,0.0,CRD010b,PEG
0,21.62212,"[[5.40778858]
 [1.43814109]]","[[ 0.31707635 -0.94840002]
 [-0.94840002 -0.31707635]]",[1.97080438 0.68547841],0.9435028917645817,[[3.84986876 0.55825074]],19.540176,False,False,True,,-inf,False,False,True,354,354,0.5867347,TAR_354+0dB+Noise_CAT_354+-InfdB+Noise,0.0,CRD010b,PEG
0,4.026499,"[[ 0.702391  ]
 [-4.25518524]]","[[ 0.99987012  0.01611625]
 [-0.01611625  0.99987012]]",[1.30055505 0.18070062],0.9994362016080522,[[ 0.99008086 -0.78282729]],4.0242453,False,True,True,,-inf,False,False,True,354,354,0.5867347,TAR_354+0dB+Noise_CAT_354+-InfdB+Noise,0.0,CRD010b,PEG
0,14.221648,"[[ 5.47197101]
 [-0.43755226]]","[[-0.10176938 -0.99480802]
 [-0.99480802  0.10176938]]",[2.38410931 0.47100944],0.9796061390331555,[[2.60102466 0.02533124]],13.761944,True,False,False,,-inf,False,False,True,354,354,0.5867347,TAR_354+0dB+Noise_CAT_354+-InfdB+Noise,0.0,CRD010b,PEG
0,13.991476,"[[ 5.38599207]
 [-0.50269636]]","[[-0.11203507 -0.99370425]
 [-0.99370425  0.11203507]]",[2.4314562  0.47743048],0.9846228156698723,[[ 2.59418    -0.03827983]],13.443526,False,False,False,,-inf,False,False,True,354,354,0.5867347,TAR_354+0dB+Noise_CAT_354+-InfdB+Noise,0.0,CRD010b,PEG
0,0.6737341,"[[ 0.14510883]
 [-1.07480871]]","[[ 0.96734694  0.25345593]
 [-0.25345593  0.96734694]]",[1.73145945 0.37649241],0.9999360572719043,[[ 0.59568216 -0.54641853]],0.6465729,False,True,False,,-inf,False,False,True,354,354,0.5867347,TAR_354+0dB+Noise_CAT_354+-InfdB+Noise,0.0,CRD010b,PEG
0,27.536457,"[[6.22531048]
 [1.06982298]]","[[ 0.19971465 -0.9798541 ]
 [-0.9798541  -0.19971465]]",[2.38905219 0.68853296],0.8969361246168663,[[4.35256226 0.41166213]],25.81846,True,False,True,,-inf,False,False,True,354,354,0.6183036,TAR_354+InfdB+Noise_CAT_354+-InfdB+Noise,inf,CRD010b,PEG
0,27.564623,"[[6.28810829]
 [0.6881953 ]]","[[ 0.13906811 -0.99028282]
 [-0.99028282 -0.13906811]]",[2.47058293 0.6872163 ],0.9047773842133636,[[4.36914826 0.13215154]],26.619915,False,False,True,,-inf,False,False,True,354,354,0.6183036,TAR_354+InfdB+Noise_CAT_354+-InfdB+Noise,inf,CRD010b,PEG
0,4.195438,"[[ 0.75779166]
 [-3.64969643]]","[[ 0.99990295  0.01393193]
 [-0.01393193  0.99990295]]",[1.67775082 0.23401697],0.9995713956508585,[[ 1.34457606 -0.87035439]],4.1943574,False,True,True,,-inf,False,False,True,354,354,0.6183036,TAR_354+InfdB+Noise_CAT_354+-InfdB+Noise,inf,CRD010b,PEG
0,15.917816,"[[ 5.02817022]
 [-0.73529274]]","[[-0.22338393 -0.97473054]
 [-0.97473054  0.22338393]]",[2.50611148 0.60424647],0.9381246765303721,[[3.2109541  0.30927428]],14.314162,True,False,False,,-inf,False,False,True,354,354,0.6183036,TAR_354+InfdB+Noise_CAT_354+-InfdB+Noise,inf,CRD010b,PEG
0,15.357774,"[[ 4.7612329 ]
 [-0.90438456]]","[[-0.25906116 -0.96586092]
 [-0.96586092  0.25906116]]",[2.83657578 0.64177032],0.9318887348457006,[[3.2602763  0.18262302]],13.181913,False,False,False,,-inf,False,False,True,354,354,0.6183036,TAR_354+InfdB+Noise_CAT_354+-InfdB+Noise,inf,CRD010b,PEG
0,1.8298045,"[[ 0.71378909]
 [-1.81542517]]","[[ 0.96878455 -0.24790421]
 [ 0.24790421  0.96878455]]",[1.94124911 0.45813846],0.8154127395624149,[[ 0.67394218 -0.74294   ]],1.7383391,False,True,False,,-inf,False,False,True,354,354,0.6183036,TAR_354+InfdB+Noise_CAT_354+-InfdB+Noise,inf,CRD010b,PEG
0,3.972729,"[[-0.84794715]
 [-0.40891465]]","[[ 0.89693985  0.44215258]
 [-0.44215258  0.89693985]]",[7.96481402 2.3552195 ],0.8316603374753218,[[-4.91412046  0.47488044]],3.1911213,True,False,True,,0.0,False,True,False,4287,4287,0.17142858,TAR_4287+-5dB+Noise_TAR_4287+0dB+Noise,-5.0,CRD011c,PEG
0,4.691685,"[[ 0.91621047]
 [-0.53017886]]","[[ 0.78923069 -0.61409683]
 [ 0.61409683  0.78923069]]",[9.74680515 3.2742264 ],0.9523062789511916,[[ 5.03055628 -0.15586602]],3.5900574,False,False,True,,0.0,False,True,False,4287,4287,0.17142858,TAR_4287+-5dB+Noise_TAR_4287+0dB+Noise,-5.0,CRD011c,PEG
0,2.9651053,"[[-1.13430675]
 [-0.22079009]]","[[ 0.4665221  -0.88450954]
 [-0.88450954 -0.4665221 ]]",[7.18200007 1.76845577],0.9200599384654888,[[-2.84921877  1.20831006]],2.3241858,False,True,True,,0.0,False,True,False,4287,4287,0.17142858,TAR_4287+-5dB+Noise_TAR_4287+0dB+Noise,-5.0,CRD011c,PEG
0,2.1523936,"[[-0.72775987]
 [-0.40386541]]","[[ 0.96565142  0.25984097]
 [-0.25984097  0.96565142]]",[5.35783993 0.70836714],0.9488787311739003,[[-3.19960255  0.4361573 ]],1.7243229,True,False,False,,0.0,False,True,False,4287,4287,0.17142858,TAR_4287+-5dB+Noise_TAR_4287+0dB+Noise,-5.0,CRD011c,PEG
0,3.2531178,"[[ 0.95649695]
 [-2.0136443 ]]","[[ 0.98466074 -0.17447988]
 [ 0.17447988  0.98466074]]",[5.43039898 0.29424279],0.9566422494978428,[[ 3.26774219 -0.06333407]],2.1998186,False,False,False,,0.0,False,True,False,4287,4287,0.17142858,TAR_4287+-5dB+Noise_TAR_4287+0dB+Noise,-5.0,CRD011c,PEG
0,2.0306995,"[[-0.44280506]
 [ 1.47422302]]","[[ 0.97816706  0.20782011]
 [-0.20782011  0.97816706]]",[2.38592144 0.39828985],0.9365139715205714,[[-1.61414754  0.89263754]],2.0188746,False,True,False,,0.0,False,True,False,4287,4287,0.17142858,TAR_4287+-5dB+Noise_TAR_4287+0dB+Noise,-5.0,CRD011c,PEG
0,17.006367,"[[-2.22955704]
 [-0.47879036]]","[[ 0.76609097  0.64273216]
 [-0.64273216  0.76609097]]",[5.58863273 1.86700991],0.9137094013396978,[[-8.15502989  2.45564343]],14.070315,True,False,True,,inf,False,True,False,4287,4287,0.17142858,TAR_4287+-5dB+Noise_TAR_4287+InfdB+Noise,-5.0,CRD011c,PEG
0,23.618443,"[[ 2.70645234]
 [-0.79524528]]","[[-0.38706452 -0.92205263]
 [-0.92205263  0.38706452]]",[11.18496871  2.8648503 ],0.49197550957483216,[[8.7658037  0.13302606]],18.523327,False,False,True,,inf,False,True,False,4287,4287,0.17142858,TAR_4287+-5dB+Noise_TAR_4287+InfdB+Noise,-5.0,CRD011c,PEG
0,8.45775,"[[-2.14651269]
 [-0.23720485]]","[[ 0.39169657 -0.92009445]
 [-0.92009445 -0.39169657]]",[6.08817557 1.42609233],0.988595785513569,[[-4.19794246  2.33210524]],7.058111,False,True,True,,inf,False,True,False,4287,4287,0.17142858,TAR_4287+-5dB+Noise_TAR_4287+InfdB+Noise,-5.0,CRD011c,PEG
0,17.498173,"[[-2.08087088]
 [-0.06065694]]","[[ 0.9693819   0.24555798]
 [-0.24555798  0.9693819 ]]",[4.31443234 0.62022981],0.9357312338111204,[[-8.46091113  1.77871416]],15.611191,True,False,False,,inf,False,True,False,4287,4287,0.17142858,TAR_4287+-5dB+Noise_TAR_4287+InfdB+Noise,-5.0,CRD011c,PEG
0,25.574167,"[[3.00925558]
 [1.94431789]]","[[ 0.97440489  0.22480016]
 [-0.22480016  0.97440489]]",[3.58296634 0.49429902],0.996451584991145,[[ 8.99690796 -0.77139057]],20.939426,False,False,False,,inf,False,True,False,4287,4287,0.17142858,TAR_4287+-5dB+Noise_TAR_4287+InfdB+Noise,-5.0,CRD011c,PEG
0,12.147129,"[[-1.88853479]
 [ 2.23800429]]","[[ 0.9809832   0.19409266]
 [-0.19409266  0.9809832 ]]",[1.96002637 0.56667894],0.575724743548449,[[-4.19618134  1.88672308]],12.105694,False,True,False,,inf,False,True,False,4287,4287,0.17142858,TAR_4287+-5dB+Noise_TAR_4287+InfdB+Noise,-5.0,CRD011c,PEG
0,7.5745263,"[[1.64070174]
 [1.12667947]]","[[ 0.74580106  0.66616873]
 [-0.66616873  0.74580106]]",[5.38600406 1.70411012],0.9616772055285439,[[4.09499117 0.75963671]],5.7719655,True,False,True,,-inf,False,False,True,4287,4287,0.47619048,TAR_4287+-5dB+Noise_CAT_4287+-InfdB+Noise,-5.0,CRD011c,PEG
0,7.066822,"[[1.61246524]
 [0.16973182]]","[[ 0.13701509 -0.99056896]
 [-0.99056896 -0.13701509]]",[11.78077777  2.67852382],0.8505662082942687,[[ 4.38487713 -0.02144475]],6.740808,False,False,True,,-inf,False,False,True,4287,4287,0.47619048,TAR_4287+-5dB+Noise_CAT_4287+-InfdB+Noise,-5.0,CRD011c,PEG
0,2.9564033,"[[1.3538198 ]
 [0.18557518]]","[[ 0.42090229 -0.90710598]
 [-0.90710598 -0.42090229]]",[5.87725735 1.17757357],0.9043681793776166,[[ 2.38841188 -1.49306599]],2.3684,False,True,True,,-inf,False,False,True,4287,4287,0.47619048,TAR_4287+-5dB+Noise_CAT_4287+-InfdB+Noise,-5.0,CRD011c,PEG
0,5.691561,"[[0.69583351]
 [3.96017281]]","[[ 0.98916067  0.14683722]
 [-0.14683722  0.98916067]]",[7.31793087 0.34712759],0.9948870510509473,[[0.97788885 1.26537743]],4.241536,True,False,False,,-inf,False,False,True,4287,4287,0.47619048,TAR_4287+-5dB+Noise_CAT_4287+-InfdB+Noise,-5.0,CRD011c,PEG
0,0.4262882,"[[0.43421075]
 [0.49064122]]","[[ 0.86927168  0.49433465]
 [-0.49433465  0.86927168]]",[8.66062836 0.65358413],0.9077896458755724,[[ 1.22278012 -0.21330473]],0.16856165,False,False,False,,-inf,False,False,True,4287,4287,0.47619048,TAR_4287+-5dB+Noise_CAT_4287+-InfdB+Noise,-5.0,CRD011c,PEG
0,1.5071543,"[[0.95667586]
 [1.38353569]]","[[ 0.89872059  0.43852171]
 [-0.43852171  0.89872059]]",[4.39308834 0.44326812],0.8719633606170851,[[1.32242164 0.17493261]],0.7509427,False,True,False,,-inf,False,False,True,4287,4287,0.47619048,TAR_4287+-5dB+Noise_CAT_4287+-InfdB+Noise,-5.0,CRD011c,PEG
0,5.2288246,"[[-0.32176167]
 [ 2.11333928]]","[[ 0.97907189  0.20351469]
 [-0.20351469  0.97907189]]",[4.79947046 0.63870977],0.9855459185017615,[[-3.24090942  1.98076298]],5.0801797,True,False,True,,inf,False,True,False,4287,4287,0.5,TAR_4287+0dB+Noise_TAR_4287+InfdB+Noise,0.0,CRD011c,PEG
0,13.823027,"[[3.08912506]
 [1.95691007]]","[[ 0.63026931 -0.77637658]
 [-0.77637658 -0.63026931]]",[5.84174856 0.96703566],0.9478357137794513,[[4.30129527 0.27379258]],6.9284067,False,False,True,,inf,False,True,False,4287,4287,0.5,TAR_4287+0dB+Noise_TAR_4287+InfdB+Noise,0.0,CRD011c,PEG
0,1.07303,"[[-0.53370127]
 [ 0.31430497]]","[[ 0.68092612 -0.73235211]
 [-0.73235211 -0.68092612]]",[2.93365126 1.25831641],0.9685665035627589,[[-1.34872369  1.12379518]],1.0642899,False,True,True,,inf,False,True,False,4287,4287,0.5,TAR_4287+0dB+Noise_TAR_4287+InfdB+Noise,0.0,CRD011c,PEG
0,6.7041316,"[[-1.51721489]
 [-0.95221615]]","[[ 0.91602381  0.40112391]
 [-0.40112391  0.91602381]]",[5.31629173 0.59467622],0.9992263685233869,[[-5.26130858  1.34255687]],4.8207083,True,False,False,,inf,False,True,False,4287,4287,0.5,TAR_4287+0dB+Noise_TAR_4287+InfdB+Noise,0.0,CRD011c,PEG
0,39.046074,"[[6.91559662]
 [4.60480491]]","[[ 0.60691549 -0.79476637]
 [-0.79476637 -0.60691549]]",[6.9921408 0.5386383],0.9979734633629032,[[ 5.8300074  -0.27621263]],10.973167,False,False,False,,inf,False,True,False,4287,4287,0.5,TAR_4287+0dB+Noise_TAR_4287+InfdB+Noise,0.0,CRD011c,PEG
0,5.517001,"[[-2.04303455]
 [ 0.2432555 ]]","[[ 0.81008576  0.5863114 ]
 [-0.5863114   0.81008576]]",[1.48777714 0.70801729],0.8258648484524684,[[-2.5820338   0.99408554]],5.197188,False,True,False,,inf,False,True,False,4287,4287,0.5,TAR_4287+0dB+Noise_TAR_4287+InfdB+Noise,0.0,CRD011c,PEG
0,25.59253,"[[2.732859  ]
 [3.41308513]]","[[ 0.97677227  0.21428006]
 [-0.21428006  0.97677227]]",[4.50914393 0.56350785],0.9520390533797042,[[9.00911163 0.28475627]],20.275442,True,False,True,,-inf,False,False,True,4287,4287,0.7,TAR_4287+0dB+Noise_CAT_4287+-InfdB+Noise,0.0,CRD011c,PEG
0,27.646734,"[[ 3.20171248]
 [-2.70794658]]","[[ 0.88117518 -0.47278992]
 [ 0.47278992  0.88117518]]",[5.35675009 0.98140469],0.9310924790401922,[[9.08333942 0.53010876]],17.139149,False,False,True,,-inf,False,False,True,4287,4287,0.7,TAR_4287+0dB+Noise_CAT_4287+-InfdB+Noise,0.0,CRD011c,PEG
0,14.414661,"[[ 2.71825464]
 [-0.06568786]]","[[ 0.72096768  0.69296869]
 [-0.69296869  0.72096768]]",[2.81661103 0.91591965],0.9992652430211296,[[ 5.23763065 -2.70137605]],12.962059,False,True,True,,-inf,False,False,True,4287,4287,0.7,TAR_4287+0dB+Noise_CAT_4287+-InfdB+Noise,0.0,CRD011c,PEG
0,8.5016575,"[[1.36883499]
 [3.35660131]]","[[ 0.96721297  0.25396669]
 [-0.25396669  0.96721297]]",[8.12303389 0.51833035],0.9759049452343537,[[4.17749139 0.82922013]],6.843422,True,False,False,,-inf,False,False,True,4287,4287,0.7,TAR_4287+0dB+Noise_CAT_4287+-InfdB+Noise,0.0,CRD011c,PEG
0,12.69814,"[[ 2.23846021]
 [-3.21111934]]","[[ 0.86078918 -0.50896168]
 [ 0.50896168  0.86078918]]",[10.60417708  0.77385913],0.965838410301434,[[ 4.20738608 -1.02147377]],5.5927954,False,False,False,,-inf,False,False,True,4287,4287,0.7,TAR_4287+0dB+Noise_CAT_4287+-InfdB+Noise,0.0,CRD011c,PEG
0,4.343806,"[[1.84792004]
 [1.50861311]]","[[ 0.83213802  0.55456858]
 [-0.55456858  0.83213802]]",[4.05315552 0.45229006],0.9882643261081966,[[ 2.93656918 -0.71770492]],2.2191744,False,True,False,,-inf,False,False,True,4287,4287,0.7,TAR_4287+0dB+Noise_CAT_4287+-InfdB+Noise,0.0,CRD011c,PEG
0,105.09135,"[[9.018705  ]
 [3.17686281]]","[[ 0.91767906  0.39732246]
 [-0.39732246  0.91767906]]",[1.69880029 0.50946061],0.990113231778031,[[12.25002105 -1.69600671]],88.75955,True,False,True,,-inf,False,False,True,4287,4287,0.70416665,TAR_4287+InfdB+Noise_CAT_4287+-InfdB+Noise,inf,CRD011c,PEG
0,162.03354,"[[13.55954521]
 [-8.10784964]]","[[ 0.71478701 -0.69934221]
 [ 0.69934221  0.71478701]]",[2.31963899 0.53340973],0.9990009818716388,[[12.36800848  0.6994498 ]],99.046165,False,False,True,,-inf,False,False,True,4287,4287,0.70416665,TAR_4287+InfdB+Noise_CAT_4287+-InfdB+Noise,inf,CRD011c,PEG
0,41.483597,"[[ 5.49947271]
 [-1.37565616]]","[[ 0.6617213 -0.7497499]
 [-0.7497499 -0.6617213]]",[1.5472064  0.74913634],0.9583207698671696,[[ 6.58635433 -3.82517123]],39.979233,False,True,True,,-inf,False,False,True,4287,4287,0.70416665,TAR_4287+InfdB+Noise_CAT_4287+-InfdB+Noise,inf,CRD011c,PEG
0,19.832905,"[[2.30660844]
 [3.77668316]]","[[ 0.96947751  0.24518027]
 [-0.24518027  0.96947751]]",[7.080067   0.42975232],0.9665688135249905,[[ 9.43879997 -0.51333674]],11.355146,True,False,False,,-inf,False,False,True,4287,4287,0.70416665,TAR_4287+InfdB+Noise_CAT_4287+-InfdB+Noise,inf,CRD011c,PEG
0,130.10869,"[[ 11.46511627]
 [-12.99190171]]","[[ 0.77464788 -0.63239281]
 [ 0.63239281  0.77464788]]",[9.86978681 0.41941313],0.9891713555616346,[[ 9.68013519 -1.47205636]],23.539328,False,False,False,,-inf,False,False,True,4287,4287,0.70416665,TAR_4287+InfdB+Noise_CAT_4287+-InfdB+Noise,inf,CRD011c,PEG
0,15.103191,"[[3.36006916]
 [2.00941435]]","[[ 0.79726408  0.60363067]
 [-0.60363067  0.79726408]]",[3.70625911 0.54168049],0.902305577654968,[[ 5.51860298 -1.71179046]],9.184994,False,True,False,,-inf,False,False,True,4287,4287,0.70416665,TAR_4287+InfdB+Noise_CAT_4287+-InfdB+Noise,inf,CRD011c,PEG
0,0.22599097,"[[-0.49114331]
 [-0.32147485]]","[[ 0.54794915 -0.83651164]
 [-0.83651164 -0.54794915]]",[5.33779995 0.65586731],0.7256831287541589,[[-0.32264847 -0.21004547]],0.14743972,True,False,True,,0.0,False,True,False,9849,9849,0.4,TAR_9849+-5dB+Noise_TAR_9849+0dB+Noise,-5.0,CRD012b,PEG
0,0.55208397,"[[ 1.00858052]
 [-0.43294925]]","[[-0.37184754 -0.92829382]
 [-0.92829382  0.37184754]]",[5.45149505 0.45528932],0.7156987131548725,[[ 0.40928369 -0.32171994]],0.33297926,False,False,True,,0.0,False,True,False,9849,9849,0.4,TAR_9849+-5dB+Noise_TAR_9849+0dB+Noise,-5.0,CRD012b,PEG
0,0.0942703,"[[-0.18198533]
 [ 0.04682427]]","[[ 0.99866088 -0.05173433]
 [ 0.05173433  0.99866088]]",[2.87117574 0.61682049],0.3109801812923175,[[-0.51596014  0.0079686 ]],0.09355681,False,True,True,,0.0,False,True,False,9849,9849,0.4,TAR_9849+-5dB+Noise_TAR_9849+0dB+Noise,-5.0,CRD012b,PEG
0,0.49945104,"[[-0.86130558]
 [-0.21382496]]","[[ 0.39837824 -0.91722123]
 [-0.91722123 -0.39837824]]",[2.6552788  0.57714905],0.9892966097433716,[[-0.61880081  0.15678968]],0.3726153,True,False,False,,0.0,False,True,False,9849,9849,0.4,TAR_9849+-5dB+Noise_TAR_9849+0dB+Noise,-5.0,CRD012b,PEG
0,0.82459617,"[[ 1.03149501]
 [-0.08516588]]","[[-0.22376892 -0.97464223]
 [-0.97464223  0.22376892]]",[2.72060106 0.72914625],0.9244961337696987,[[0.81797877 0.22479483]],0.758998,False,False,False,,0.0,False,True,False,9849,9849,0.4,TAR_9849+-5dB+Noise_TAR_9849+0dB+Noise,-5.0,CRD012b,PEG
0,0.07314618,"[[ 0.14597987]
 [-0.12937906]]","[[ 0.99330645  0.11550888]
 [-0.11550888  0.99330645]]",[2.30204728 1.14332723],0.9787412684690803,[[ 0.35099622 -0.16933032]],0.07307879,False,True,False,,0.0,False,True,False,9849,9849,0.4,TAR_9849+-5dB+Noise_TAR_9849+0dB+Noise,-5.0,CRD012b,PEG
0,1.4555985,"[[-0.19268815]
 [ 1.13955415]]","[[ 0.60292266 -0.79779964]
 [-0.79779964 -0.60292266]]",[1.17307169 0.78182974],0.5649537328030895,[[-0.39250876  1.2109707 ]],1.421328,True,False,True,,inf,False,True,False,9849,9849,0.3611111,TAR_9849+-5dB+Noise_TAR_9849+InfdB+Noise,-5.0,CRD012b,PEG
0,4.5941095,"[[2.91255506]
 [0.95922257]]","[[ 0.24282853 -0.97006923]
 [-0.97006923 -0.24282853]]",[1.79200074 0.48162848],0.9950448421027237,[[1.33172882 0.74578733]],4.280598,False,False,True,,inf,False,True,False,9849,9849,0.3611111,TAR_9849+-5dB+Noise_TAR_9849+InfdB+Noise,-5.0,CRD012b,PEG
0,1.547582,"[[ 1.52212856]
 [-0.65552775]]","[[-0.3417853  -0.93977806]
 [-0.93977806  0.3417853 ]]",[1.44784114 0.56048972],0.9994244383701896,[[ 0.82407998 -0.44731334]],1.4659469,False,True,True,,inf,False,True,False,9849,9849,0.3611111,TAR_9849+-5dB+Noise_TAR_9849+InfdB+Noise,-5.0,CRD012b,PEG
0,0.08410561,"[[0.4502089 ]
 [0.28587538]]","[[ 0.50463716 -0.86333153]
 [-0.86333153 -0.50463716]]",[4.12361748 0.29053239],0.991490900328094,[[0.09286234 0.14796013]],0.08408315,True,False,False,,inf,False,True,False,9849,9849,0.3611111,TAR_9849+-5dB+Noise_TAR_9849+InfdB+Noise,-5.0,CRD012b,PEG
0,0.9867459,"[[ 1.14519282]
 [-0.42420723]]","[[-0.30620219 -0.9519665 ]
 [-0.9519665   0.30620219]]",[5.94080807 0.65158961],0.9797360425923852,[[ 0.66008233 -0.5441311 ]],0.73368376,False,False,False,,inf,False,True,False,9849,9849,0.3611111,TAR_9849+-5dB+Noise_TAR_9849+InfdB+Noise,-5.0,CRD012b,PEG
0,0.092310496,"[[ 0.17104018]
 [-0.01244435]]","[[ 0.67065462 -0.74176976]
 [-0.74176976 -0.67065462]]",[3.49205975 2.75250981],0.3911048485212094,[[ 0.53226172 -0.10224352]],0.09119869,False,True,False,,inf,False,True,False,9849,9849,0.3611111,TAR_9849+-5dB+Noise_TAR_9849+InfdB+Noise,-5.0,CRD012b,PEG
0,1.0354683,"[[0.8650301 ]
 [0.39813183]]","[[ 0.78595928  0.61827827]
 [-0.61827827  0.78595928]]",[1.42561144 1.06765054],0.36691668221679125,[[1.04557441 0.32907451]],1.0221905,True,False,True,,-inf,False,False,True,9849,9849,0.53333336,TAR_9849+-5dB+Noise_CAT_9849+-InfdB+Noise,-5.0,CRD012b,PEG
0,0.84171015,"[[ 0.80135592]
 [-0.01019342]]","[[ 0.28422367 -0.958758  ]
 [-0.958758   -0.28422367]]",[2.01651183 1.24251768],0.8439350048943406,[[ 1.04795413 -0.18893557]],0.82822853,False,False,True,,-inf,False,False,True,9849,9849,0.53333336,TAR_9849+-5dB+Noise_CAT_9849+-InfdB+Noise,-5.0,CRD012b,PEG
0,0.1361481,"[[0.18252636]
 [0.15245223]]","[[-0.35256214 -0.93578841]
 [-0.93578841  0.35256214]]",[3.04786425 0.40367765],0.999515463844165,[[0.26666941 0.57377909]],0.13513897,False,True,True,,-inf,False,False,True,9849,9849,0.53333336,TAR_9849+-5dB+Noise_CAT_9849+-InfdB+Noise,-5.0,CRD012b,PEG
0,0.2388584,"[[0.27280285]
 [0.36664034]]","[[ 0.32387908 -0.94609848]
 [-0.94609848 -0.32387908]]",[2.51816283 0.496854  ],0.9158728448058128,[[-0.03370122  0.67655455]],0.18418051,True,False,False,,-inf,False,False,True,9849,9849,0.53333336,TAR_9849+-5dB+Noise_CAT_9849+-InfdB+Noise,-5.0,CRD012b,PEG
0,0.4252519,"[[ 0.59435613]
 [-0.35046433]]","[[-0.1730312  -0.98491634]
 [-0.98491634  0.1730312 ]]",[2.37701786 0.68444282],0.915658835374768,[[ 0.33583029 -0.64385759]],0.42513052,False,False,False,,-inf,False,False,True,9849,9849,0.53333336,TAR_9849+-5dB+Noise_CAT_9849+-InfdB+Noise,-5.0,CRD012b,PEG
0,0.15711492,"[[ 0.17968268]
 [-0.26711102]]","[[ 0.99773314  0.06729471]
 [-0.06729471  0.99773314]]",[2.31986668 1.03287223],0.9571295802812247,[[ 0.43887411 -0.29297501]],0.15711492,False,True,False,,-inf,False,False,True,9849,9849,0.53333336,TAR_9849+-5dB+Noise_CAT_9849+-InfdB+Noise,-5.0,CRD012b,PEG
0,1.0640168,"[[0.75846208]
 [0.78605948]]","[[ 0.57357821 -0.8191508 ]
 [-0.8191508  -0.57357821]]",[5.76498242 0.70683181],0.9776857143007196,[[-0.0698603   1.42101616]],0.45026764,True,False,True,,inf,False,True,False,9849,9849,0.4,TAR_9849+0dB+Noise_TAR_9849+InfdB+Noise,0.0,CRD012b,PEG
0,4.4959903,"[[2.40792122]
 [0.69458142]]","[[ 0.21306517 -0.97703799]
 [-0.97703799 -0.21306517]]",[2.88594069 0.70634617],0.9091381917246099,[[1.62392743 0.84324293]],4.1865788,False,False,True,,inf,False,True,False,9849,9849,0.4,TAR_9849+0dB+Noise_TAR_9849+InfdB+Noise,0.0,CRD012b,PEG
0,0.87045085,"[[ 0.43511126]
 [-0.63122278]]","[[ 0.99963017 -0.02719403]
 [ 0.02719403  0.99963017]]",[3.1766675  0.76468266],0.34304247746938993,[[ 1.34004012 -0.45528194]],0.8702589,False,True,True,,inf,False,True,False,9849,9849,0.4,TAR_9849+0dB+Noise_TAR_9849+InfdB+Noise,0.0,CRD012b,PEG
0,0.73368466,"[[1.03688067]
 [0.47851871]]","[[ 0.50301428 -0.8642781 ]
 [-0.8642781  -0.50301428]]",[3.3854921  0.53712522],0.961883493465675,[[ 0.71166315 -0.00882955]],0.39808908,True,False,False,,inf,False,True,False,9849,9849,0.4,TAR_9849+0dB+Noise_TAR_9849+InfdB+Noise,0.0,CRD012b,PEG
0,0.80980957,"[[ 0.93471389]
 [-0.23790688]]","[[-0.18086409 -0.9835081 ]
 [-0.9835081   0.18086409]]",[6.39023168 0.84536562],0.9862648226945949,[[ 0.72506167 -0.55519345]],0.7217275,False,False,False,,inf,False,True,False,9849,9849,0.4,TAR_9849+0dB+Noise_TAR_9849+InfdB+Noise,0.0,CRD012b,PEG
0,0.017113376,"[[0.08334117]
 [0.02990898]]","[[ 0.30936617 -0.95094299]
 [-0.95094299 -0.30936617]]",[2.90292992 2.18209583],0.19402854276730025,[[0.1812655 0.0670868]],0.01703525,False,True,False,,inf,False,True,False,9849,9849,0.4,TAR_9849+0dB+Noise_TAR_9849+InfdB+Noise,0.0,CRD012b,PEG
0,2.0091763,"[[1.16505757]
 [0.76999133]]","[[ 0.58749403 -0.8092285 ]
 [-0.8092285  -0.58749403]]",[5.98955237 1.0206224 ],0.9063069056418069,[[1.36822288 0.53911998]],1.2458642,True,False,True,,-inf,False,False,True,9849,9849,0.6,TAR_9849+0dB+Noise_CAT_9849+-InfdB+Noise,0.0,CRD012b,PEG
0,1.8178058,"[[1.09804429]
 [0.40871807]]","[[ 0.37084404 -0.92869516]
 [-0.92869516 -0.37084404]]",[6.60868799 1.32126565],0.9832203380491354,[[1.5049828  0.40435711]],1.3531171,False,False,True,,-inf,False,False,True,9849,9849,0.6,TAR_9849+0dB+Noise_CAT_9849+-InfdB+Noise,0.0,CRD012b,PEG
0,0.27178237,"[[0.20043162]
 [0.20310451]]","[[ 0.9068631  -0.42142534]
 [ 0.42142534  0.9068631 ]]",[3.54650612 1.83805507],0.3404123083970095,[[0.78262955 0.56581049]],0.27154195,False,True,True,,-inf,False,False,True,9849,9849,0.6,TAR_9849+0dB+Noise_CAT_9849+-InfdB+Noise,0.0,CRD012b,PEG
0,0.7472589,"[[0.93813224]
 [0.38163049]]","[[ 0.16057487 -0.98702366]
 [-0.98702366 -0.16057487]]",[1.85397231 0.66951197],0.9646515900200979,[[0.58509959 0.51976487]],0.74123627,True,False,False,,-inf,False,False,True,9849,9849,0.6,TAR_9849+0dB+Noise_CAT_9849+-InfdB+Noise,0.0,CRD012b,PEG
0,0.8359751,"[[0.90478978]
 [0.25998313]]","[[-0.05110348 -0.99869336]
 [-0.99869336  0.05110348]]",[1.62661517 0.86263061],0.9988148667289444,[[0.79244166 0.45765268]],0.8355334,False,False,False,,-inf,False,False,True,9849,9849,0.6,TAR_9849+0dB+Noise_CAT_9849+-InfdB+Noise,0.0,CRD012b,PEG
0,0.028211627,"[[ 0.06782055]
 [-0.17996488]]","[[ 0.99599039 -0.08946028]
 [ 0.08946028  0.99599039]]",[1.48621697 0.70697812],0.9961911641553706,[[ 0.08787788 -0.12364468]],0.028163789,False,True,False,,-inf,False,False,True,9849,9849,0.6,TAR_9849+0dB+Noise_CAT_9849+-InfdB+Noise,0.0,CRD012b,PEG
0,1.5051582,"[[ 0.79673916]
 [-0.40750939]]","[[ 0.79615098  0.60509803]
 [-0.60509803  0.79615098]]",[1.90549452 1.06591442],0.9748643761846756,[[ 1.43808317 -0.88189619]],1.4868319,True,False,True,,-inf,False,False,True,9849,9849,0.7,TAR_9849+InfdB+Noise_CAT_9849+-InfdB+Noise,inf,CRD012b,PEG
0,4.8832984,"[[2.91202386]
 [0.66235248]]","[[ 0.35071028 -0.93648401]
 [-0.93648401 -0.35071028]]",[3.18333544 0.49914717],0.9998287150362808,[[ 1.83101336 -0.6773675 ]],3.4459004,False,False,True,,-inf,False,False,True,9849,9849,0.7,TAR_9849+InfdB+Noise_CAT_9849+-InfdB+Noise,inf,CRD012b,PEG
0,1.2610543,"[[-1.05461443]
 [ 0.65929498]]","[[-0.35887349 -0.93338621]
 [-0.93338621  0.35887349]]",[3.17864932 0.72624651],0.9999960837772983,[[-0.55741056  1.02109243]],1.2574,False,True,True,,-inf,False,False,True,9849,9849,0.7,TAR_9849+InfdB+Noise_CAT_9849+-InfdB+Noise,inf,CRD012b,PEG
0,0.11991353,"[[0.15386663]
 [0.2636945 ]]","[[ 0.45535664 -0.89030912]
 [-0.89030912 -0.45535664]]",[3.20720452 0.49800179],0.8558180264367259,[[-0.12656356  0.52859442]],0.08418466,True,False,False,,-inf,False,False,True,9849,9849,0.7,TAR_9849+InfdB+Noise_CAT_9849+-InfdB+Noise,inf,CRD012b,PEG
0,0.12737964,"[[0.13842955]
 [0.22022947]]","[[ 0.45539171 -0.89029119]
 [-0.89029119 -0.45539171]]",[5.07228006 0.75284209],0.7656995166205579,[[-0.15745666  0.6773675 ]],0.08707386,False,False,False,,-inf,False,False,True,9849,9849,0.7,TAR_9849+InfdB+Noise_CAT_9849+-InfdB+Noise,inf,CRD012b,PEG
0,0.018266845,"[[-0.04629655]
 [-0.07310445]]","[[ 0.3193938  -0.94762208]
 [-0.94762208 -0.3193938 ]]",[2.76964445 2.22274569],0.10775047879441142,[[-0.09338762 -0.19073149]],0.018241769,False,True,False,,-inf,False,False,True,9849,9849,0.7,TAR_9849+InfdB+Noise_CAT_9849+-InfdB+Noise,inf,CRD012b,PEG
